[
  {
    "inputs": [
      { "internalType": "address", "name": "_quoteToken", "type": "address" }
    ],
    "stateMutability": "nonpayable",
    "type": "constructor"
  },
  {
    "anonymous": false,
    "inputs": [
      {
        "indexed": true,
        "internalType": "address",
        "name": "addr",
        "type": "address"
      },
      {
        "indexed": false,
        "internalType": "bool",
        "name": "flag",
        "type": "bool"
      }
    ],
    "name": "AdminUpdated",
    "type": "event"
  },
  {
    "anonymous": false,
    "inputs": [
      {
        "indexed": true,
        "internalType": "address",
        "name": "token",
        "type": "address"
      },
      {
        "indexed": true,
        "internalType": "address",
        "name": "sender",
        "type": "address"
      },
      {
        "indexed": false,
        "internalType": "uint256",
        "name": "amount",
        "type": "uint256"
      }
    ],
    "name": "Deposit",
    "type": "event"
  },
  {
    "anonymous": false,
    "inputs": [
      {
        "indexed": true,
        "internalType": "address",
        "name": "newFeeAddr",
        "type": "address"
      }
    ],
    "name": "FeeAddrUpdated",
    "type": "event"
  },
  {
    "anonymous": false,
    "inputs": [
      {
        "indexed": true,
        "internalType": "address",
        "name": "token",
        "type": "address"
      },
      {
        "indexed": true,
        "internalType": "address",
        "name": "receiver",
        "type": "address"
      },
      {
        "indexed": false,
        "internalType": "uint256",
        "name": "amount",
        "type": "uint256"
      }
    ],
    "name": "Migrate",
    "type": "event"
  },
  {
    "anonymous": false,
    "inputs": [
      {
        "indexed": true,
        "internalType": "address",
        "name": "previousOwner",
        "type": "address"
      },
      {
        "indexed": true,
        "internalType": "address",
        "name": "newOwner",
        "type": "address"
      }
    ],
    "name": "OwnershipTransferred",
    "type": "event"
  },
  {
    "anonymous": false,
    "inputs": [
      {
        "indexed": false,
        "internalType": "address",
        "name": "account",
        "type": "address"
      }
    ],
    "name": "Paused",
    "type": "event"
  },
  {
    "anonymous": false,
    "inputs": [
      {
        "indexed": false,
        "internalType": "address",
        "name": "account",
        "type": "address"
      }
    ],
    "name": "Unpaused",
    "type": "event"
  },
  {
    "anonymous": false,
    "inputs": [
      {
        "indexed": true,
        "internalType": "address",
        "name": "token",
        "type": "address"
      },
      {
        "indexed": true,
        "internalType": "address",
        "name": "receiver",
        "type": "address"
      },
      {
        "indexed": false,
        "internalType": "uint256",
        "name": "amount",
        "type": "uint256"
      }
    ],
    "name": "Withdraw",
    "type": "event"
  },
  {
    "anonymous": false,
    "inputs": [
      {
        "indexed": true,
        "internalType": "address",
        "name": "fromToken",
        "type": "address"
      },
      {
        "indexed": true,
        "internalType": "address",
        "name": "toToken",
        "type": "address"
      },
      {
        "indexed": false,
        "internalType": "uint256",
        "name": "fromAmount",
        "type": "uint256"
      },
      {
        "indexed": false,
        "internalType": "uint256",
        "name": "toAmount",
        "type": "uint256"
      },
      {
        "indexed": false,
        "internalType": "address",
        "name": "from",
        "type": "address"
      },
      {
        "indexed": true,
        "internalType": "address",
        "name": "to",
        "type": "address"
      },
      {
        "indexed": false,
        "internalType": "address",
        "name": "rebateTo",
        "type": "address"
      },
      {
        "indexed": false,
        "internalType": "uint256",
        "name": "swapVol",
        "type": "uint256"
      },
      {
        "indexed": false,
        "internalType": "uint256",
        "name": "swapFee",
        "type": "uint256"
      }
    ],
    "name": "WooSwap",
    "type": "event"
  },
  {
    "anonymous": false,
    "inputs": [
      {
        "indexed": true,
        "internalType": "address",
        "name": "newWooracle",
        "type": "address"
      }
    ],
    "name": "WooracleUpdated",
    "type": "event"
  },
  {
    "inputs": [
      { "internalType": "address", "name": "token", "type": "address" }
    ],
    "name": "balance",
    "outputs": [{ "internalType": "uint256", "name": "", "type": "uint256" }],
    "stateMutability": "view",
    "type": "function"
  },
  {
    "inputs": [],
    "name": "claimFee",
    "outputs": [],
    "stateMutability": "nonpayable",
    "type": "function"
  },
  {
    "inputs": [
      { "internalType": "address", "name": "baseToken", "type": "address" }
    ],
    "name": "decimalInfo",
    "outputs": [
      {
        "components": [
          { "internalType": "uint64", "name": "priceDec", "type": "uint64" },
          { "internalType": "uint64", "name": "quoteDec", "type": "uint64" },
          { "internalType": "uint64", "name": "baseDec", "type": "uint64" }
        ],
        "internalType": "struct WooPPV2.DecimalInfo",
        "name": "",
        "type": "tuple"
      }
    ],
    "stateMutability": "view",
    "type": "function"
  },
  {
    "inputs": [
      { "internalType": "address", "name": "token", "type": "address" },
      { "internalType": "uint256", "name": "amount", "type": "uint256" }
    ],
    "name": "deposit",
    "outputs": [],
    "stateMutability": "nonpayable",
    "type": "function"
  },
  {
    "inputs": [
      { "internalType": "address", "name": "token", "type": "address" }
    ],
    "name": "depositAll",
    "outputs": [],
    "stateMutability": "nonpayable",
    "type": "function"
  },
  {
    "inputs": [],
    "name": "feeAddr",
    "outputs": [{ "internalType": "address", "name": "", "type": "address" }],
    "stateMutability": "view",
    "type": "function"
  },
  {
    "inputs": [
      { "internalType": "address", "name": "stuckToken", "type": "address" }
    ],
    "name": "inCaseTokenGotStuck",
    "outputs": [],
    "stateMutability": "nonpayable",
    "type": "function"
  },
  {
    "inputs": [
      { "internalType": "address", "name": "_wooracle", "type": "address" },
      { "internalType": "address", "name": "_feeAddr", "type": "address" }
    ],
    "name": "init",
    "outputs": [],
    "stateMutability": "nonpayable",
    "type": "function"
  },
  {
    "inputs": [{ "internalType": "address", "name": "", "type": "address" }],
    "name": "isAdmin",
    "outputs": [{ "internalType": "bool", "name": "", "type": "bool" }],
    "stateMutability": "view",
    "type": "function"
  },
  {
    "inputs": [{ "internalType": "address", "name": "", "type": "address" }],
    "name": "lendManagers",
    "outputs": [
      {
        "internalType": "contract IWooLendingManager",
        "name": "",
        "type": "address"
      }
    ],
    "stateMutability": "view",
    "type": "function"
  },
  {
    "inputs": [
      { "internalType": "address", "name": "token", "type": "address" },
      { "internalType": "address", "name": "newPool", "type": "address" }
    ],
    "name": "migrateToNewPool",
    "outputs": [],
    "stateMutability": "nonpayable",
    "type": "function"
  },
  {
    "inputs": [],
    "name": "owner",
    "outputs": [{ "internalType": "address", "name": "", "type": "address" }],
    "stateMutability": "view",
    "type": "function"
  },
  {
    "inputs": [],
    "name": "pause",
    "outputs": [],
    "stateMutability": "nonpayable",
    "type": "function"
  },
  {
    "inputs": [],
    "name": "paused",
    "outputs": [{ "internalType": "bool", "name": "", "type": "bool" }],
    "stateMutability": "view",
    "type": "function"
  },
  {
    "inputs": [
      { "internalType": "address", "name": "token", "type": "address" }
    ],
    "name": "poolSize",
    "outputs": [{ "internalType": "uint256", "name": "", "type": "uint256" }],
    "stateMutability": "view",
    "type": "function"
  },
  {
    "inputs": [
      { "internalType": "address", "name": "fromToken", "type": "address" },
      { "internalType": "address", "name": "toToken", "type": "address" },
      { "internalType": "uint256", "name": "fromAmount", "type": "uint256" }
    ],
    "name": "query",
    "outputs": [
      { "internalType": "uint256", "name": "toAmount", "type": "uint256" }
    ],
    "stateMutability": "view",
    "type": "function"
  },
  {
    "inputs": [],
    "name": "quoteToken",
    "outputs": [{ "internalType": "address", "name": "", "type": "address" }],
    "stateMutability": "view",
    "type": "function"
  },
  {
    "inputs": [],
    "name": "renounceOwnership",
    "outputs": [],
    "stateMutability": "nonpayable",
    "type": "function"
  },
  {
    "inputs": [
      { "internalType": "address", "name": "wantToken", "type": "address" }
    ],
    "name": "repayWeeklyLending",
    "outputs": [],
    "stateMutability": "nonpayable",
    "type": "function"
  },
  {
    "inputs": [
      { "internalType": "address", "name": "addr", "type": "address" },
      { "internalType": "bool", "name": "flag", "type": "bool" }
    ],
    "name": "setAdmin",
    "outputs": [],
    "stateMutability": "nonpayable",
    "type": "function"
  },
  {
    "inputs": [
      { "internalType": "address", "name": "_feeAddr", "type": "address" }
    ],
    "name": "setFeeAddr",
    "outputs": [],
    "stateMutability": "nonpayable",
    "type": "function"
  },
  {
    "inputs": [
      { "internalType": "address", "name": "token", "type": "address" },
      { "internalType": "uint16", "name": "rate", "type": "uint16" }
    ],
    "name": "setFeeRate",
    "outputs": [],
    "stateMutability": "nonpayable",
    "type": "function"
  },
  {
    "inputs": [
      {
        "internalType": "contract IWooLendingManager",
        "name": "_lendManager",
        "type": "address"
      }
    ],
    "name": "setLendManager",
    "outputs": [],
    "stateMutability": "nonpayable",
    "type": "function"
  },
  {
    "inputs": [
      { "internalType": "address", "name": "_wooracle", "type": "address" }
    ],
    "name": "setWooracle",
    "outputs": [],
    "stateMutability": "nonpayable",
    "type": "function"
  },
  {
    "inputs": [
      { "internalType": "address", "name": "token", "type": "address" }
    ],
    "name": "skim",
    "outputs": [],
    "stateMutability": "nonpayable",
    "type": "function"
  },
  {
    "inputs": [
      { "internalType": "address[]", "name": "tokens", "type": "address[]" }
    ],
    "name": "skimMulTokens",
    "outputs": [],
    "stateMutability": "nonpayable",
    "type": "function"
  },
  {
    "inputs": [
      { "internalType": "address", "name": "fromToken", "type": "address" },
      { "internalType": "address", "name": "toToken", "type": "address" },
      { "internalType": "uint256", "name": "fromAmount", "type": "uint256" },
      { "internalType": "uint256", "name": "minToAmount", "type": "uint256" },
      { "internalType": "address", "name": "to", "type": "address" },
      { "internalType": "address", "name": "rebateTo", "type": "address" }
    ],
    "name": "swap",
    "outputs": [
      { "internalType": "uint256", "name": "realToAmount", "type": "uint256" }
    ],
    "stateMutability": "nonpayable",
    "type": "function"
  },
  {
    "inputs": [
      { "internalType": "address", "name": "token", "type": "address" }
    ],
    "name": "sync",
    "outputs": [],
    "stateMutability": "nonpayable",
    "type": "function"
  },
  {
    "inputs": [{ "internalType": "address", "name": "", "type": "address" }],
    "name": "tokenInfos",
    "outputs": [
      { "internalType": "uint192", "name": "reserve", "type": "uint192" },
      { "internalType": "uint16", "name": "feeRate", "type": "uint16" }
    ],
    "stateMutability": "view",
    "type": "function"
  },
  {
    "inputs": [
      { "internalType": "address", "name": "newOwner", "type": "address" }
    ],
    "name": "transferOwnership",
    "outputs": [],
    "stateMutability": "nonpayable",
    "type": "function"
  },
  {
    "inputs": [
      { "internalType": "address", "name": "fromToken", "type": "address" },
      { "internalType": "address", "name": "toToken", "type": "address" },
      { "internalType": "uint256", "name": "fromAmount", "type": "uint256" }
    ],
    "name": "tryQuery",
    "outputs": [
      { "internalType": "uint256", "name": "toAmount", "type": "uint256" }
    ],
    "stateMutability": "view",
    "type": "function"
  },
  {
    "inputs": [],
    "name": "unclaimedFee",
    "outputs": [{ "internalType": "uint256", "name": "", "type": "uint256" }],
    "stateMutability": "view",
    "type": "function"
  },
  {
    "inputs": [],
    "name": "unpause",
    "outputs": [],
    "stateMutability": "nonpayable",
    "type": "function"
  },
  {
    "inputs": [
      { "internalType": "address", "name": "token", "type": "address" },
      { "internalType": "uint256", "name": "amount", "type": "uint256" }
    ],
    "name": "withdraw",
    "outputs": [],
    "stateMutability": "nonpayable",
    "type": "function"
  },
  {
    "inputs": [
      { "internalType": "address", "name": "token", "type": "address" }
    ],
    "name": "withdrawAll",
    "outputs": [],
    "stateMutability": "nonpayable",
    "type": "function"
  },
  {
    "inputs": [],
    "name": "wooracle",
    "outputs": [
      { "internalType": "contract IWooracleV2", "name": "", "type": "address" }
    ],
    "stateMutability": "view",
    "type": "function"
  }
]
