[
  {
    "aSymbol": "aUSDT",
    "aAddress": "0x3ed3b47dd13ec9a98b44e6204a523e766b225811",
    "address": "0xdac17f958d2ee523a2206206994597c13d831ec7",
    "decimals": 6
  },
  {
    "aSymbol": "aWBTC",
    "aAddress": "0x9ff58f4ffb29fa2266ab25e75e2a8b3503311656",
    "address": "0x2260fac5e5542a773aa44fbcfedf7c193bc2c599",
    "decimals": 8
  },
  {
    "aSymbol": "aWETH",
    "aAddress": "0x030ba81f1c18d280636f32af80b9aad02cf0854e",
    "address": "0xc02aaa39b223fe8d0a0e5c4f27ead9083c756cc2",
    "decimals": 18
  },
  {
    "aSymbol": "aYFI",
    "aAddress": "0x5165d24277cd063f5ac44efd447b27025e888f37",
    "address": "0x0bc529c00c6401aef6d220be8c6ea1667f6ad93e",
    "decimals": 18
  },
  {
    "aSymbol": "aZRX",
    "aAddress": "0xdf7ff54aacacbff42dfe29dd6144a69b629f8c9e",
    "address": "0xe41d2489571d322189246dafa5ebde1f4699f498",
    "decimals": 18
  },
  {
    "aSymbol": "aUNI",
    "aAddress": "0xb9d7cb55f463405cdfbe4e90a6d2df01c2b92bf1",
    "address": "0x1f9840a85d5af5bf1d1762f925bdaddc4201f984",
    "decimals": 18
  },
  {
    "aSymbol": "aAAVE",
    "aAddress": "0xffc97d72e13e01096502cb8eb52dee56f74dad7b",
    "address": "0x7fc66500c84a76ad7e9c93437bfc5ac33e2ddae9",
    "decimals": 18
  },
  {
    "aSymbol": "aBAT",
    "aAddress": "0x05ec93c0365baaeabf7aeffb0972ea7ecdd39cf1",
    "address": "0x0d8775f648430679a709e98d2b0cb6250d2887ef",
    "decimals": 18
  },
  {
    "aSymbol": "aBUSD",
    "aAddress": "0xa361718326c15715591c299427c62086f69923d9",
    "address": "0x4fabb145d64652a948d72533023f6e7a623c7c53",
    "decimals": 18
  },
  {
    "aSymbol": "aDAI",
    "aAddress": "0x028171bca77440897b824ca71d1c56cac55b68a3",
    "address": "0x6b175474e89094c44da98b954eedeac495271d0f",
    "decimals": 18
  },
  {
    "aSymbol": "aENJ",
    "aAddress": "0xac6df26a590f08dcc95d5a4705ae8abbc88509ef",
    "address": "0xf629cbd94d3791c9250152bd8dfbdf380e2a3b9c",
    "decimals": 18
  },
  {
    "aSymbol": "aKNC",
    "aAddress": "0x39c6b3e42d6a679d7d776778fe880bc9487c2eda",
    "address": "0xdd974d5c2e2928dea5f71b9825b8b646686bd200",
    "decimals": 18
  },
  {
    "aSymbol": "aLINK",
    "aAddress": "0xa06bc25b5805d5f8d82847d191cb4af5a3e873e0",
    "address": "0x514910771af9ca656af840dff83e8264ecf986ca",
    "decimals": 18
  },
  {
    "aSymbol": "aMANA",
    "aAddress": "0xa685a61171bb30d4072b338c80cb7b2c865c873e",
    "address": "0x0f5d2fb29fb7d3cfee444a200298f468908cc942",
    "decimals": 18
  },
  {
    "aSymbol": "aMKR",
    "aAddress": "0xc713e5e149d5d0715dcd1c156a020976e7e56b88",
    "address": "0x9f8f72aa9304c8b593d555f12ef6589cc3a579a2",
    "decimals": 18
  },
  {
    "aSymbol": "aREN",
    "aAddress": "0xcc12abe4ff81c9378d670de1b57f8e0dd228d77a",
    "address": "0x408e41876cccdc0f92210600ef50372656052a38",
    "decimals": 18
  },
  {
    "aSymbol": "aSNX",
    "aAddress": "0x35f6b052c598d933d69a4eec4d04c73a191fe6c2",
    "address": "0xc011a73ee8576fb46f5e1c5751ca3b9fe0af2a6f",
    "decimals": 18
  },
  {
    "aSymbol": "aSUSD",
    "aAddress": "0x6c5024cd4f8a59110119c56f8933403a539555eb",
    "address": "0x57ab1ec28d129707052df4df418d58a2d46d5f51",
    "decimals": 18
  },
  {
    "aSymbol": "aTUSD",
    "aAddress": "0x101cc05f4a51c0319f570d5e146a8c625198e636",
    "address": "0x0000000000085d4780b73119b644ae5ecd22b376",
    "decimals": 18
  },
  {
    "aSymbol": "aUSDC",
    "aAddress": "0xbcca60bb61934080951369a648fb03df4f96263c",
    "address": "0xa0b86991c6218b36c1d19d4a2e9eb0ce3606eb48",
    "decimals": 6
  },
  {
    "aSymbol": "aCRV",
    "aAddress": "0x8dae6cb04688c62d939ed9b68d32bc62e49970b1",
    "address": "0xd533a949740bb3306d119cc777fa900ba034cd52",
    "decimals": 18
  },
  {
    "aSymbol": "aGUSD",
    "aAddress": "0xd37ee7e4f452c6638c96536e68090de8cbcdb583",
    "address": "0x056fd409e1d7a124bd7017459dfea2f387b6d5cd",
    "decimals": 2
  },
  {
    "aSymbol": "aBAL",
    "aAddress": "0x272f97b7a56a387ae942350bbc7df5700f8a4576",
    "address": "0xba100000625a3754423978a60c9317c58a424e3d",
    "decimals": 18
  },
  {
    "aSymbol": "aXSUSHI",
    "aAddress": "0xf256cc7847e919fac9b808cc216cac87ccf2f47a",
    "address": "0x8798249c2e607446efb7ad49ec89dd1865ff4272",
    "decimals": 18
  },
  {
    "aSymbol": "aRENFIL",
    "aAddress": "0x514cd6756ccbe28772d4cb81bc3156ba9d1744aa",
    "address": "0xd5147bc8e386d91cc5dbe72099dac6c9b99276f5",
    "decimals": 18
  },
  {
    "aSymbol": "aRAI",
    "aAddress": "0xc9bc48c72154ef3e5425641a3c747242112a46af",
    "address": "0x03ab458634910aad20ef5f1c8ee96f1d6ac54919",
    "decimals": 18
  },
  {
    "aSymbol": "aAMPL",
    "aAddress": "0x1e6bb68acec8fefbd87d192be09bb274170a0548",
    "address": "0xd46ba6d942050d489dbd938a2c909a5d5039a161",
    "decimals": 9
  },
  {
    "aSymbol": "aUSDP",
    "aAddress": "0x2e8f4bdbe3d47d7d7de490437aea9915d930f1a3",
    "address": "0x8e870d67f660d95d5be530380d0ec0bd388289e1",
    "decimals": 18
  },
  {
    "aSymbol": "aDPI",
    "aAddress": "0x6f634c6135d2ebd550000ac92f494f9cb8183dae",
    "address": "0x1494ca1f11d487c2bbe4543e90080aeba4ba3c2b",
    "decimals": 18
  },
  {
    "aSymbol": "aFRAX",
    "aAddress": "0xd4937682df3c8aef4fe912a96a74121c0829e664",
    "address": "0x853d955acef822db058eb8505911ed77f175b99e",
    "decimals": 18
  },
  {
    "aSymbol": "aFEI",
    "aAddress": "0x683923db55fead99a79fa01a27eec3cb19679cc3",
    "address": "0x956f47f50a910163d8bf957cf5846d573e7f87ca",
    "decimals": 18
  }
]
