[
  {
    "aSymbol": "amAAVE",
    "aAddress": "0x1d2a0E5EC8E5bBDCA5CB219e649B565d8e5c3360",
    "address": "0xd6df932a45c0f255f85145f286ea0b292b21c90b",
    "decimals": 18
  },
  {
    "aSymbol": "amDAI",
    "aAddress": "0x27f8d03b3a2196956ed754badc28d73be8830a6e",
    "address": "0x8f3cf7ad23cd3cadbd9735aff958023239c6a063",
    "decimals": 18
  },
  {
    "aSymbol": "amUSDC",
    "aAddress": "0x1a13f4ca1d028320a707d99520abfefca3998b7f",
    "address": "0x2791bca1f2de4661ed88a30c99a7a9449aa84174",
    "decimals": 6
  },
  {
    "aSymbol": "amUSDT",
    "aAddress": "0x60d55f02a771d515e077c9c2403a1ef324885cec",
    "address": "0xc2132d05d31c914a87c6611c10748aeb04b58e8f",
    "decimals": 6
  },
  {
    "aSymbol": "amWBTC",
    "aAddress": "0x5c2ed810328349100a66b82b78a1791b101c9d61",
    "address": "0x1bfd67037b42cf73acf2047067bd4f2c47d9bfd6",
    "decimals": 8
  },
  {
    "aSymbol": "amWETH",
    "aAddress": "0x28424507fefb6f7f8e9d3860f56504e4e5f5f390",
    "address": "0x7ceb23fd6bc0add59e62ac25578270cff1b9f619",
    "decimals": 18
  },
  {
    "aSymbol": "amWMATIC",
    "aAddress": "0x8df3aad3a84da6b69a4da8aec3ea40d9091b2ac4",
    "address": "0x0d500b1d8e8ef31e21c99d1db9a6444d3adf1270",
    "decimals": 18
  }
]
