[
  { "inputs": [], "stateMutability": "nonpayable", "type": "constructor" },
  {
    "anonymous": false,
    "inputs": [
      {
        "indexed": true,
        "internalType": "address",
        "name": "token0",
        "type": "address"
      },
      {
        "indexed": true,
        "internalType": "address",
        "name": "token1",
        "type": "address"
      },
      {
        "indexed": false,
        "internalType": "bool",
        "name": "stable",
        "type": "bool"
      },
      {
        "indexed": false,
        "internalType": "address",
        "name": "pair",
        "type": "address"
      },
      {
        "indexed": false,
        "internalType": "uint256",
        "name": "",
        "type": "uint256"
      }
    ],
    "name": "PairCreated",
    "type": "event"
  },
  {
    "inputs": [],
    "name": "acceptPauser",
    "outputs": [],
    "stateMutability": "nonpayable",
    "type": "function"
  },
  {
    "inputs": [{ "internalType": "uint256", "name": "", "type": "uint256" }],
    "name": "allPairs",
    "outputs": [{ "internalType": "address", "name": "", "type": "address" }],
    "stateMutability": "view",
    "type": "function"
  },
  {
    "inputs": [],
    "name": "allPairsLength",
    "outputs": [{ "internalType": "uint256", "name": "", "type": "uint256" }],
    "stateMutability": "view",
    "type": "function"
  },
  {
    "inputs": [
      { "internalType": "address", "name": "tokenA", "type": "address" },
      { "internalType": "address", "name": "tokenB", "type": "address" },
      { "internalType": "bool", "name": "stable", "type": "bool" }
    ],
    "name": "createPair",
    "outputs": [
      { "internalType": "address", "name": "pair", "type": "address" }
    ],
    "stateMutability": "nonpayable",
    "type": "function"
  },
  {
    "inputs": [],
    "name": "getInitializable",
    "outputs": [
      { "internalType": "address", "name": "", "type": "address" },
      { "internalType": "address", "name": "", "type": "address" },
      { "internalType": "bool", "name": "", "type": "bool" }
    ],
    "stateMutability": "view",
    "type": "function"
  },
  {
    "inputs": [
      { "internalType": "address", "name": "", "type": "address" },
      { "internalType": "address", "name": "", "type": "address" },
      { "internalType": "bool", "name": "", "type": "bool" }
    ],
    "name": "getPair",
    "outputs": [{ "internalType": "address", "name": "", "type": "address" }],
    "stateMutability": "view",
    "type": "function"
  },
  {
    "inputs": [{ "internalType": "address", "name": "", "type": "address" }],
    "name": "isPair",
    "outputs": [{ "internalType": "bool", "name": "", "type": "bool" }],
    "stateMutability": "view",
    "type": "function"
  },
  {
    "inputs": [],
    "name": "isPaused",
    "outputs": [{ "internalType": "bool", "name": "", "type": "bool" }],
    "stateMutability": "view",
    "type": "function"
  },
  {
    "inputs": [],
    "name": "pairCodeHash",
    "outputs": [{ "internalType": "bytes32", "name": "", "type": "bytes32" }],
    "stateMutability": "pure",
    "type": "function"
  },
  {
    "inputs": [],
    "name": "pauser",
    "outputs": [{ "internalType": "address", "name": "", "type": "address" }],
    "stateMutability": "view",
    "type": "function"
  },
  {
    "inputs": [],
    "name": "pendingPauser",
    "outputs": [{ "internalType": "address", "name": "", "type": "address" }],
    "stateMutability": "view",
    "type": "function"
  },
  {
    "inputs": [{ "internalType": "bool", "name": "_state", "type": "bool" }],
    "name": "setPause",
    "outputs": [],
    "stateMutability": "nonpayable",
    "type": "function"
  },
  {
    "inputs": [
      { "internalType": "address", "name": "_pauser", "type": "address" }
    ],
    "name": "setPauser",
    "outputs": [],
    "stateMutability": "nonpayable",
    "type": "function"
  }
]
