[
  {
    "inputs": [],
    "stateMutability": "nonpayable",
    "type": "constructor"
  },
  {
    "anonymous": false,
    "inputs": [
      {
        "indexed": false,
        "internalType": "uint24",
        "name": "oldFee",
        "type": "uint24"
      },
      {
        "indexed": false,
        "internalType": "uint24",
        "name": "newFee",
        "type": "uint24"
      }
    ],
    "name": "FeeAdjustment",
    "type": "event"
  },
  {
    "anonymous": false,
    "inputs": [
      {
        "indexed": true,
        "internalType": "address",
        "name": "owner",
        "type": "address"
      },
      {
        "indexed": true,
        "internalType": "int24",
        "name": "tickLower",
        "type": "int24"
      },
      {
        "indexed": true,
        "internalType": "int24",
        "name": "tickUpper",
        "type": "int24"
      },
      {
        "indexed": false,
        "internalType": "uint128",
        "name": "amount",
        "type": "uint128"
      },
      {
        "indexed": false,
        "internalType": "uint256",
        "name": "amount0",
        "type": "uint256"
      },
      {
        "indexed": false,
        "internalType": "uint256",
        "name": "amount1",
        "type": "uint256"
      }
    ],
    "name": "Burn",
    "type": "event"
  },
  {
    "anonymous": false,
    "inputs": [
      {
        "indexed": true,
        "internalType": "address",
        "name": "owner",
        "type": "address"
      },
      {
        "indexed": false,
        "internalType": "address",
        "name": "recipient",
        "type": "address"
      },
      {
        "indexed": true,
        "internalType": "int24",
        "name": "tickLower",
        "type": "int24"
      },
      {
        "indexed": true,
        "internalType": "int24",
        "name": "tickUpper",
        "type": "int24"
      },
      {
        "indexed": false,
        "internalType": "uint128",
        "name": "amount0",
        "type": "uint128"
      },
      {
        "indexed": false,
        "internalType": "uint128",
        "name": "amount1",
        "type": "uint128"
      }
    ],
    "name": "Collect",
    "type": "event"
  },
  {
    "anonymous": false,
    "inputs": [
      {
        "indexed": true,
        "internalType": "address",
        "name": "sender",
        "type": "address"
      },
      {
        "indexed": true,
        "internalType": "address",
        "name": "recipient",
        "type": "address"
      },
      {
        "indexed": false,
        "internalType": "uint128",
        "name": "amount0",
        "type": "uint128"
      },
      {
        "indexed": false,
        "internalType": "uint128",
        "name": "amount1",
        "type": "uint128"
      }
    ],
    "name": "CollectProtocol",
    "type": "event"
  },
  {
    "anonymous": false,
    "inputs": [
      {
        "indexed": true,
        "internalType": "address",
        "name": "sender",
        "type": "address"
      },
      {
        "indexed": true,
        "internalType": "address",
        "name": "recipient",
        "type": "address"
      },
      {
        "indexed": false,
        "internalType": "uint256",
        "name": "amount0",
        "type": "uint256"
      },
      {
        "indexed": false,
        "internalType": "uint256",
        "name": "amount1",
        "type": "uint256"
      },
      {
        "indexed": false,
        "internalType": "uint256",
        "name": "paid0",
        "type": "uint256"
      },
      {
        "indexed": false,
        "internalType": "uint256",
        "name": "paid1",
        "type": "uint256"
      }
    ],
    "name": "Flash",
    "type": "event"
  },
  {
    "anonymous": false,
    "inputs": [
      {
        "indexed": false,
        "internalType": "uint16",
        "name": "observationCardinalityNextOld",
        "type": "uint16"
      },
      {
        "indexed": false,
        "internalType": "uint16",
        "name": "observationCardinalityNextNew",
        "type": "uint16"
      }
    ],
    "name": "IncreaseObservationCardinalityNext",
    "type": "event"
  },
  {
    "anonymous": false,
    "inputs": [
      {
        "indexed": false,
        "internalType": "uint160",
        "name": "sqrtPriceX96",
        "type": "uint160"
      },
      {
        "indexed": false,
        "internalType": "int24",
        "name": "tick",
        "type": "int24"
      }
    ],
    "name": "Initialize",
    "type": "event"
  },
  {
    "anonymous": false,
    "inputs": [
      {
        "indexed": false,
        "internalType": "address",
        "name": "sender",
        "type": "address"
      },
      {
        "indexed": true,
        "internalType": "address",
        "name": "owner",
        "type": "address"
      },
      {
        "indexed": true,
        "internalType": "int24",
        "name": "tickLower",
        "type": "int24"
      },
      {
        "indexed": true,
        "internalType": "int24",
        "name": "tickUpper",
        "type": "int24"
      },
      {
        "indexed": false,
        "internalType": "uint128",
        "name": "amount",
        "type": "uint128"
      },
      {
        "indexed": false,
        "internalType": "uint256",
        "name": "amount0",
        "type": "uint256"
      },
      {
        "indexed": false,
        "internalType": "uint256",
        "name": "amount1",
        "type": "uint256"
      }
    ],
    "name": "Mint",
    "type": "event"
  },
  {
    "anonymous": false,
    "inputs": [
      {
        "indexed": false,
        "internalType": "uint8",
        "name": "feeProtocol0Old",
        "type": "uint8"
      },
      {
        "indexed": false,
        "internalType": "uint8",
        "name": "feeProtocol1Old",
        "type": "uint8"
      },
      {
        "indexed": false,
        "internalType": "uint8",
        "name": "feeProtocol0New",
        "type": "uint8"
      },
      {
        "indexed": false,
        "internalType": "uint8",
        "name": "feeProtocol1New",
        "type": "uint8"
      }
    ],
    "name": "SetFeeProtocol",
    "type": "event"
  },
  {
    "anonymous": false,
    "inputs": [
      {
        "indexed": true,
        "internalType": "address",
        "name": "sender",
        "type": "address"
      },
      {
        "indexed": true,
        "internalType": "address",
        "name": "recipient",
        "type": "address"
      },
      {
        "indexed": false,
        "internalType": "int256",
        "name": "amount0",
        "type": "int256"
      },
      {
        "indexed": false,
        "internalType": "int256",
        "name": "amount1",
        "type": "int256"
      },
      {
        "indexed": false,
        "internalType": "uint160",
        "name": "sqrtPriceX96",
        "type": "uint160"
      },
      {
        "indexed": false,
        "internalType": "uint128",
        "name": "liquidity",
        "type": "uint128"
      },
      {
        "indexed": false,
        "internalType": "int24",
        "name": "tick",
        "type": "int24"
      }
    ],
    "name": "Swap",
    "type": "event"
  },
  {
    "inputs": [
      {
        "internalType": "uint256",
        "name": "period",
        "type": "uint256"
      }
    ],
    "name": "boostInfos",
    "outputs": [
      {
        "internalType": "uint128",
        "name": "totalBoostAmount",
        "type": "uint128"
      },
      {
        "internalType": "int128",
        "name": "totalVeRamAmount",
        "type": "int128"
      }
    ],
    "stateMutability": "view",
    "type": "function"
  },
  {
    "inputs": [
      {
        "internalType": "uint256",
        "name": "period",
        "type": "uint256"
      },
      {
        "internalType": "bytes32",
        "name": "key",
        "type": "bytes32"
      }
    ],
    "name": "boostInfos",
    "outputs": [
      {
        "internalType": "uint128",
        "name": "boostAmount",
        "type": "uint128"
      },
      {
        "internalType": "int128",
        "name": "veRamAmount",
        "type": "int128"
      },
      {
        "internalType": "int256",
        "name": "secondsDebtX96",
        "type": "int256"
      },
      {
        "internalType": "int256",
        "name": "boostedSecondsDebtX96",
        "type": "int256"
      }
    ],
    "stateMutability": "view",
    "type": "function"
  },
  {
    "inputs": [],
    "name": "boostedLiquidity",
    "outputs": [
      {
        "internalType": "uint128",
        "name": "",
        "type": "uint128"
      }
    ],
    "stateMutability": "view",
    "type": "function"
  },
  {
    "inputs": [
      {
        "internalType": "uint256",
        "name": "index",
        "type": "uint256"
      },
      {
        "internalType": "int24",
        "name": "tickLower",
        "type": "int24"
      },
      {
        "internalType": "int24",
        "name": "tickUpper",
        "type": "int24"
      },
      {
        "internalType": "uint128",
        "name": "amount",
        "type": "uint128"
      }
    ],
    "name": "burn",
    "outputs": [
      {
        "internalType": "uint256",
        "name": "amount0",
        "type": "uint256"
      },
      {
        "internalType": "uint256",
        "name": "amount1",
        "type": "uint256"
      }
    ],
    "stateMutability": "nonpayable",
    "type": "function"
  },
  {
    "inputs": [
      {
        "internalType": "int24",
        "name": "tickLower",
        "type": "int24"
      },
      {
        "internalType": "int24",
        "name": "tickUpper",
        "type": "int24"
      },
      {
        "internalType": "uint128",
        "name": "amount",
        "type": "uint128"
      }
    ],
    "name": "burn",
    "outputs": [
      {
        "internalType": "uint256",
        "name": "amount0",
        "type": "uint256"
      },
      {
        "internalType": "uint256",
        "name": "amount1",
        "type": "uint256"
      }
    ],
    "stateMutability": "nonpayable",
    "type": "function"
  },
  {
    "inputs": [
      {
        "internalType": "uint256",
        "name": "index",
        "type": "uint256"
      },
      {
        "internalType": "int24",
        "name": "tickLower",
        "type": "int24"
      },
      {
        "internalType": "int24",
        "name": "tickUpper",
        "type": "int24"
      },
      {
        "internalType": "uint128",
        "name": "amount",
        "type": "uint128"
      },
      {
        "internalType": "uint256",
        "name": "veRamTokenId",
        "type": "uint256"
      }
    ],
    "name": "burn",
    "outputs": [
      {
        "internalType": "uint256",
        "name": "amount0",
        "type": "uint256"
      },
      {
        "internalType": "uint256",
        "name": "amount1",
        "type": "uint256"
      }
    ],
    "stateMutability": "nonpayable",
    "type": "function"
  },
  {
    "inputs": [
      {
        "internalType": "address",
        "name": "recipient",
        "type": "address"
      },
      {
        "internalType": "int24",
        "name": "tickLower",
        "type": "int24"
      },
      {
        "internalType": "int24",
        "name": "tickUpper",
        "type": "int24"
      },
      {
        "internalType": "uint128",
        "name": "amount0Requested",
        "type": "uint128"
      },
      {
        "internalType": "uint128",
        "name": "amount1Requested",
        "type": "uint128"
      }
    ],
    "name": "collect",
    "outputs": [
      {
        "internalType": "uint128",
        "name": "amount0",
        "type": "uint128"
      },
      {
        "internalType": "uint128",
        "name": "amount1",
        "type": "uint128"
      }
    ],
    "stateMutability": "nonpayable",
    "type": "function"
  },
  {
    "inputs": [
      {
        "internalType": "address",
        "name": "recipient",
        "type": "address"
      },
      {
        "internalType": "uint256",
        "name": "index",
        "type": "uint256"
      },
      {
        "internalType": "int24",
        "name": "tickLower",
        "type": "int24"
      },
      {
        "internalType": "int24",
        "name": "tickUpper",
        "type": "int24"
      },
      {
        "internalType": "uint128",
        "name": "amount0Requested",
        "type": "uint128"
      },
      {
        "internalType": "uint128",
        "name": "amount1Requested",
        "type": "uint128"
      }
    ],
    "name": "collect",
    "outputs": [
      {
        "internalType": "uint128",
        "name": "amount0",
        "type": "uint128"
      },
      {
        "internalType": "uint128",
        "name": "amount1",
        "type": "uint128"
      }
    ],
    "stateMutability": "nonpayable",
    "type": "function"
  },
  {
    "inputs": [
      {
        "internalType": "address",
        "name": "recipient",
        "type": "address"
      },
      {
        "internalType": "uint128",
        "name": "amount0Requested",
        "type": "uint128"
      },
      {
        "internalType": "uint128",
        "name": "amount1Requested",
        "type": "uint128"
      }
    ],
    "name": "collectProtocol",
    "outputs": [
      {
        "internalType": "uint128",
        "name": "amount0",
        "type": "uint128"
      },
      {
        "internalType": "uint128",
        "name": "amount1",
        "type": "uint128"
      }
    ],
    "stateMutability": "nonpayable",
    "type": "function"
  },
  {
    "inputs": [],
    "name": "currentFee",
    "outputs": [
      {
        "internalType": "uint24",
        "name": "",
        "type": "uint24"
      }
    ],
    "stateMutability": "view",
    "type": "function"
  },
  {
    "inputs": [],
    "name": "factory",
    "outputs": [
      {
        "internalType": "address",
        "name": "",
        "type": "address"
      }
    ],
    "stateMutability": "view",
    "type": "function"
  },
  {
    "inputs": [],
    "name": "fee",
    "outputs": [
      {
        "internalType": "uint24",
        "name": "",
        "type": "uint24"
      }
    ],
    "stateMutability": "view",
    "type": "function"
  },
  {
    "inputs": [],
    "name": "feeGrowthGlobal0X128",
    "outputs": [
      {
        "internalType": "uint256",
        "name": "",
        "type": "uint256"
      }
    ],
    "stateMutability": "view",
    "type": "function"
  },
  {
    "inputs": [],
    "name": "feeGrowthGlobal1X128",
    "outputs": [
      {
        "internalType": "uint256",
        "name": "",
        "type": "uint256"
      }
    ],
    "stateMutability": "view",
    "type": "function"
  },
  {
    "inputs": [
      {
        "internalType": "address",
        "name": "recipient",
        "type": "address"
      },
      {
        "internalType": "uint256",
        "name": "amount0",
        "type": "uint256"
      },
      {
        "internalType": "uint256",
        "name": "amount1",
        "type": "uint256"
      },
      {
        "internalType": "bytes",
        "name": "data",
        "type": "bytes"
      }
    ],
    "name": "flash",
    "outputs": [],
    "stateMutability": "nonpayable",
    "type": "function"
  },
  {
    "inputs": [
      {
        "internalType": "uint16",
        "name": "observationCardinalityNext",
        "type": "uint16"
      }
    ],
    "name": "increaseObservationCardinalityNext",
    "outputs": [],
    "stateMutability": "nonpayable",
    "type": "function"
  },
  {
    "inputs": [
      {
        "internalType": "address",
        "name": "_factory",
        "type": "address"
      },
      {
        "internalType": "address",
        "name": "_nfpManager",
        "type": "address"
      },
      {
        "internalType": "address",
        "name": "_veRam",
        "type": "address"
      },
      {
        "internalType": "address",
        "name": "_voter",
        "type": "address"
      },
      {
        "internalType": "address",
        "name": "_token0",
        "type": "address"
      },
      {
        "internalType": "address",
        "name": "_token1",
        "type": "address"
      },
      {
        "internalType": "uint24",
        "name": "_fee",
        "type": "uint24"
      },
      {
        "internalType": "int24",
        "name": "_tickSpacing",
        "type": "int24"
      }
    ],
    "name": "initialize",
    "outputs": [],
    "stateMutability": "nonpayable",
    "type": "function"
  },
  {
    "inputs": [
      {
        "internalType": "uint160",
        "name": "sqrtPriceX96",
        "type": "uint160"
      }
    ],
    "name": "initialize",
    "outputs": [],
    "stateMutability": "nonpayable",
    "type": "function"
  },
  {
    "inputs": [],
    "name": "lastPeriod",
    "outputs": [
      {
        "internalType": "uint256",
        "name": "",
        "type": "uint256"
      }
    ],
    "stateMutability": "view",
    "type": "function"
  },
  {
    "inputs": [],
    "name": "liquidity",
    "outputs": [
      {
        "internalType": "uint128",
        "name": "",
        "type": "uint128"
      }
    ],
    "stateMutability": "view",
    "type": "function"
  },
  {
    "inputs": [],
    "name": "maxLiquidityPerTick",
    "outputs": [
      {
        "internalType": "uint128",
        "name": "",
        "type": "uint128"
      }
    ],
    "stateMutability": "view",
    "type": "function"
  },
  {
    "inputs": [
      {
        "internalType": "address",
        "name": "recipient",
        "type": "address"
      },
      {
        "internalType": "int24",
        "name": "tickLower",
        "type": "int24"
      },
      {
        "internalType": "int24",
        "name": "tickUpper",
        "type": "int24"
      },
      {
        "internalType": "uint128",
        "name": "amount",
        "type": "uint128"
      },
      {
        "internalType": "bytes",
        "name": "data",
        "type": "bytes"
      }
    ],
    "name": "mint",
    "outputs": [
      {
        "internalType": "uint256",
        "name": "amount0",
        "type": "uint256"
      },
      {
        "internalType": "uint256",
        "name": "amount1",
        "type": "uint256"
      }
    ],
    "stateMutability": "nonpayable",
    "type": "function"
  },
  {
    "inputs": [
      {
        "internalType": "address",
        "name": "recipient",
        "type": "address"
      },
      {
        "internalType": "uint256",
        "name": "index",
        "type": "uint256"
      },
      {
        "internalType": "int24",
        "name": "tickLower",
        "type": "int24"
      },
      {
        "internalType": "int24",
        "name": "tickUpper",
        "type": "int24"
      },
      {
        "internalType": "uint128",
        "name": "amount",
        "type": "uint128"
      },
      {
        "internalType": "uint256",
        "name": "veRamTokenId",
        "type": "uint256"
      },
      {
        "internalType": "bytes",
        "name": "data",
        "type": "bytes"
      }
    ],
    "name": "mint",
    "outputs": [
      {
        "internalType": "uint256",
        "name": "amount0",
        "type": "uint256"
      },
      {
        "internalType": "uint256",
        "name": "amount1",
        "type": "uint256"
      }
    ],
    "stateMutability": "nonpayable",
    "type": "function"
  },
  {
    "inputs": [],
    "name": "nfpManager",
    "outputs": [
      {
        "internalType": "address",
        "name": "",
        "type": "address"
      }
    ],
    "stateMutability": "view",
    "type": "function"
  },
  {
    "inputs": [
      {
        "internalType": "uint256",
        "name": "index",
        "type": "uint256"
      }
    ],
    "name": "observations",
    "outputs": [
      {
        "internalType": "uint32",
        "name": "blockTimestamp",
        "type": "uint32"
      },
      {
        "internalType": "int56",
        "name": "tickCumulative",
        "type": "int56"
      },
      {
        "internalType": "uint160",
        "name": "secondsPerLiquidityCumulativeX128",
        "type": "uint160"
      },
      {
        "internalType": "bool",
        "name": "initialized",
        "type": "bool"
      },
      {
        "internalType": "uint160",
        "name": "secondsPerBoostedLiquidityPeriodX128",
        "type": "uint160"
      }
    ],
    "stateMutability": "view",
    "type": "function"
  },
  {
    "inputs": [
      {
        "internalType": "uint32[]",
        "name": "secondsAgos",
        "type": "uint32[]"
      }
    ],
    "name": "observe",
    "outputs": [
      {
        "internalType": "int56[]",
        "name": "tickCumulatives",
        "type": "int56[]"
      },
      {
        "internalType": "uint160[]",
        "name": "secondsPerLiquidityCumulativeX128s",
        "type": "uint160[]"
      },
      {
        "internalType": "uint160[]",
        "name": "secondsPerBoostedLiquidityPeriodX128s",
        "type": "uint160[]"
      }
    ],
    "stateMutability": "view",
    "type": "function"
  },
  {
    "inputs": [
      {
        "internalType": "uint32",
        "name": "period",
        "type": "uint32"
      },
      {
        "internalType": "int24",
        "name": "tickLower",
        "type": "int24"
      },
      {
        "internalType": "int24",
        "name": "tickUpper",
        "type": "int24"
      }
    ],
    "name": "periodCumulativesInside",
    "outputs": [
      {
        "internalType": "uint160",
        "name": "secondsPerLiquidityInsideX128",
        "type": "uint160"
      },
      {
        "internalType": "uint160",
        "name": "secondsPerBoostedLiquidityInsideX128",
        "type": "uint160"
      }
    ],
    "stateMutability": "view",
    "type": "function"
  },
  {
    "inputs": [
      {
        "internalType": "uint256",
        "name": "period",
        "type": "uint256"
      }
    ],
    "name": "periods",
    "outputs": [
      {
        "internalType": "uint32",
        "name": "previousPeriod",
        "type": "uint32"
      },
      {
        "internalType": "int24",
        "name": "startTick",
        "type": "int24"
      },
      {
        "internalType": "int24",
        "name": "lastTick",
        "type": "int24"
      },
      {
        "internalType": "uint160",
        "name": "endSecondsPerLiquidityPeriodX128",
        "type": "uint160"
      },
      {
        "internalType": "uint160",
        "name": "endSecondsPerBoostedLiquidityPeriodX128",
        "type": "uint160"
      },
      {
        "internalType": "uint32",
        "name": "boostedInRange",
        "type": "uint32"
      }
    ],
    "stateMutability": "view",
    "type": "function"
  },
  {
    "inputs": [
      {
        "internalType": "uint256",
        "name": "period",
        "type": "uint256"
      },
      {
        "internalType": "address",
        "name": "owner",
        "type": "address"
      },
      {
        "internalType": "uint256",
        "name": "index",
        "type": "uint256"
      },
      {
        "internalType": "int24",
        "name": "tickLower",
        "type": "int24"
      },
      {
        "internalType": "int24",
        "name": "tickUpper",
        "type": "int24"
      }
    ],
    "name": "positionPeriodDebt",
    "outputs": [
      {
        "internalType": "int256",
        "name": "secondsDebtX96",
        "type": "int256"
      },
      {
        "internalType": "int256",
        "name": "boostedSecondsDebtX96",
        "type": "int256"
      }
    ],
    "stateMutability": "view",
    "type": "function"
  },
  {
    "inputs": [
      {
        "internalType": "uint256",
        "name": "period",
        "type": "uint256"
      },
      {
        "internalType": "address",
        "name": "owner",
        "type": "address"
      },
      {
        "internalType": "uint256",
        "name": "index",
        "type": "uint256"
      },
      {
        "internalType": "int24",
        "name": "tickLower",
        "type": "int24"
      },
      {
        "internalType": "int24",
        "name": "tickUpper",
        "type": "int24"
      }
    ],
    "name": "positionPeriodSecondsInRange",
    "outputs": [
      {
        "internalType": "uint256",
        "name": "periodSecondsInsideX96",
        "type": "uint256"
      },
      {
        "internalType": "uint256",
        "name": "periodBoostedSecondsInsideX96",
        "type": "uint256"
      }
    ],
    "stateMutability": "view",
    "type": "function"
  },
  {
    "inputs": [
      {
        "internalType": "bytes32",
        "name": "key",
        "type": "bytes32"
      }
    ],
    "name": "positions",
    "outputs": [
      {
        "internalType": "uint128",
        "name": "liquidity",
        "type": "uint128"
      },
      {
        "internalType": "uint256",
        "name": "feeGrowthInside0LastX128",
        "type": "uint256"
      },
      {
        "internalType": "uint256",
        "name": "feeGrowthInside1LastX128",
        "type": "uint256"
      },
      {
        "internalType": "uint128",
        "name": "tokensOwed0",
        "type": "uint128"
      },
      {
        "internalType": "uint128",
        "name": "tokensOwed1",
        "type": "uint128"
      },
      {
        "internalType": "uint256",
        "name": "attachedVeRamId",
        "type": "uint256"
      }
    ],
    "stateMutability": "view",
    "type": "function"
  },
  {
    "inputs": [],
    "name": "protocolFees",
    "outputs": [
      {
        "internalType": "uint128",
        "name": "token0",
        "type": "uint128"
      },
      {
        "internalType": "uint128",
        "name": "token1",
        "type": "uint128"
      }
    ],
    "stateMutability": "view",
    "type": "function"
  },
  {
    "inputs": [
      {
        "internalType": "bytes32[]",
        "name": "slots",
        "type": "bytes32[]"
      }
    ],
    "name": "readStorage",
    "outputs": [
      {
        "internalType": "bytes32[]",
        "name": "returnData",
        "type": "bytes32[]"
      }
    ],
    "stateMutability": "view",
    "type": "function"
  },
  {
    "inputs": [
      {
        "internalType": "uint24",
        "name": "_fee",
        "type": "uint24"
      }
    ],
    "name": "setFee",
    "outputs": [],
    "stateMutability": "nonpayable",
    "type": "function"
  },
  {
    "inputs": [],
    "name": "setFeeProtocol",
    "outputs": [],
    "stateMutability": "nonpayable",
    "type": "function"
  },
  {
    "inputs": [],
    "name": "slot0",
    "outputs": [
      {
        "internalType": "uint160",
        "name": "sqrtPriceX96",
        "type": "uint160"
      },
      {
        "internalType": "int24",
        "name": "tick",
        "type": "int24"
      },
      {
        "internalType": "uint16",
        "name": "observationIndex",
        "type": "uint16"
      },
      {
        "internalType": "uint16",
        "name": "observationCardinality",
        "type": "uint16"
      },
      {
        "internalType": "uint16",
        "name": "observationCardinalityNext",
        "type": "uint16"
      },
      {
        "internalType": "uint8",
        "name": "feeProtocol",
        "type": "uint8"
      },
      {
        "internalType": "bool",
        "name": "unlocked",
        "type": "bool"
      }
    ],
    "stateMutability": "view",
    "type": "function"
  },
  {
    "inputs": [
      {
        "internalType": "int24",
        "name": "tickLower",
        "type": "int24"
      },
      {
        "internalType": "int24",
        "name": "tickUpper",
        "type": "int24"
      }
    ],
    "name": "snapshotCumulativesInside",
    "outputs": [
      {
        "internalType": "int56",
        "name": "tickCumulativeInside",
        "type": "int56"
      },
      {
        "internalType": "uint160",
        "name": "secondsPerLiquidityInsideX128",
        "type": "uint160"
      },
      {
        "internalType": "uint160",
        "name": "secondsPerBoostedLiquidityInsideX128",
        "type": "uint160"
      },
      {
        "internalType": "uint32",
        "name": "secondsInside",
        "type": "uint32"
      }
    ],
    "stateMutability": "view",
    "type": "function"
  },
  {
    "inputs": [
      {
        "internalType": "address",
        "name": "recipient",
        "type": "address"
      },
      {
        "internalType": "bool",
        "name": "zeroForOne",
        "type": "bool"
      },
      {
        "internalType": "int256",
        "name": "amountSpecified",
        "type": "int256"
      },
      {
        "internalType": "uint160",
        "name": "sqrtPriceLimitX96",
        "type": "uint160"
      },
      {
        "internalType": "bytes",
        "name": "data",
        "type": "bytes"
      }
    ],
    "name": "swap",
    "outputs": [
      {
        "internalType": "int256",
        "name": "amount0",
        "type": "int256"
      },
      {
        "internalType": "int256",
        "name": "amount1",
        "type": "int256"
      }
    ],
    "stateMutability": "nonpayable",
    "type": "function"
  },
  {
    "inputs": [
      {
        "internalType": "int16",
        "name": "tick",
        "type": "int16"
      }
    ],
    "name": "tickBitmap",
    "outputs": [
      {
        "internalType": "uint256",
        "name": "",
        "type": "uint256"
      }
    ],
    "stateMutability": "view",
    "type": "function"
  },
  {
    "inputs": [],
    "name": "tickSpacing",
    "outputs": [
      {
        "internalType": "int24",
        "name": "",
        "type": "int24"
      }
    ],
    "stateMutability": "view",
    "type": "function"
  },
  {
    "inputs": [
      {
        "internalType": "int24",
        "name": "tick",
        "type": "int24"
      }
    ],
    "name": "ticks",
    "outputs": [
      {
        "internalType": "uint128",
        "name": "liquidityGross",
        "type": "uint128"
      },
      {
        "internalType": "int128",
        "name": "liquidityNet",
        "type": "int128"
      },
      {
        "internalType": "uint128",
        "name": "boostedLiquidityGross",
        "type": "uint128"
      },
      {
        "internalType": "int128",
        "name": "boostedLiquidityNet",
        "type": "int128"
      },
      {
        "internalType": "uint256",
        "name": "feeGrowthOutside0X128",
        "type": "uint256"
      },
      {
        "internalType": "uint256",
        "name": "feeGrowthOutside1X128",
        "type": "uint256"
      },
      {
        "internalType": "int56",
        "name": "tickCumulativeOutside",
        "type": "int56"
      },
      {
        "internalType": "uint160",
        "name": "secondsPerLiquidityOutsideX128",
        "type": "uint160"
      },
      {
        "internalType": "uint32",
        "name": "secondsOutside",
        "type": "uint32"
      },
      {
        "internalType": "bool",
        "name": "initialized",
        "type": "bool"
      }
    ],
    "stateMutability": "view",
    "type": "function"
  },
  {
    "inputs": [],
    "name": "token0",
    "outputs": [
      {
        "internalType": "address",
        "name": "",
        "type": "address"
      }
    ],
    "stateMutability": "view",
    "type": "function"
  },
  {
    "inputs": [],
    "name": "token1",
    "outputs": [
      {
        "internalType": "address",
        "name": "",
        "type": "address"
      }
    ],
    "stateMutability": "view",
    "type": "function"
  },
  {
    "inputs": [],
    "name": "veRam",
    "outputs": [
      {
        "internalType": "address",
        "name": "",
        "type": "address"
      }
    ],
    "stateMutability": "view",
    "type": "function"
  },
  {
    "inputs": [],
    "name": "voter",
    "outputs": [
      {
        "internalType": "address",
        "name": "",
        "type": "address"
      }
    ],
    "stateMutability": "view",
    "type": "function"
  }
]
