[
  { "inputs": [], "stateMutability": "nonpayable", "type": "constructor" },
  { "inputs": [], "name": "InvalidShortString", "type": "error" },
  {
    "inputs": [{ "internalType": "string", "name": "str", "type": "string" }],
    "name": "StringTooLong",
    "type": "error"
  },
  {
    "anonymous": false,
    "inputs": [
      {
        "indexed": true,
        "internalType": "address",
        "name": "owner",
        "type": "address"
      },
      {
        "indexed": true,
        "internalType": "address",
        "name": "spender",
        "type": "address"
      },
      {
        "indexed": false,
        "internalType": "uint256",
        "name": "value",
        "type": "uint256"
      }
    ],
    "name": "Approval",
    "type": "event"
  },
  {
    "anonymous": false,
    "inputs": [
      {
        "indexed": true,
        "internalType": "address",
        "name": "sender",
        "type": "address"
      },
      {
        "indexed": true,
        "internalType": "address",
        "name": "to",
        "type": "address"
      },
      {
        "indexed": false,
        "internalType": "uint256",
        "name": "amount0",
        "type": "uint256"
      },
      {
        "indexed": false,
        "internalType": "uint256",
        "name": "amount1",
        "type": "uint256"
      }
    ],
    "name": "Burn",
    "type": "event"
  },
  {
    "anonymous": false,
    "inputs": [],
    "name": "EIP712DomainChanged",
    "type": "event"
  },
  {
    "anonymous": false,
    "inputs": [
      {
        "indexed": true,
        "internalType": "uint256",
        "name": "feesLP",
        "type": "uint256"
      },
      {
        "indexed": true,
        "internalType": "uint256",
        "name": "feesPool",
        "type": "uint256"
      }
    ],
    "name": "FeesChanged",
    "type": "event"
  },
  {
    "anonymous": false,
    "inputs": [
      {
        "indexed": true,
        "internalType": "address",
        "name": "sender",
        "type": "address"
      },
      {
        "indexed": true,
        "internalType": "address",
        "name": "to",
        "type": "address"
      },
      {
        "indexed": false,
        "internalType": "uint256",
        "name": "amount0",
        "type": "uint256"
      },
      {
        "indexed": false,
        "internalType": "uint256",
        "name": "amount1",
        "type": "uint256"
      }
    ],
    "name": "Mint",
    "type": "event"
  },
  {
    "anonymous": false,
    "inputs": [
      {
        "indexed": true,
        "internalType": "address",
        "name": "sender",
        "type": "address"
      },
      {
        "indexed": true,
        "internalType": "address",
        "name": "to",
        "type": "address"
      },
      {
        "indexed": false,
        "internalType": "int256",
        "name": "amount0",
        "type": "int256"
      },
      {
        "indexed": false,
        "internalType": "int256",
        "name": "amount1",
        "type": "int256"
      }
    ],
    "name": "Swap",
    "type": "event"
  },
  {
    "anonymous": false,
    "inputs": [
      {
        "indexed": false,
        "internalType": "uint256",
        "name": "reserve0",
        "type": "uint256"
      },
      {
        "indexed": false,
        "internalType": "uint256",
        "name": "reserve1",
        "type": "uint256"
      },
      {
        "indexed": false,
        "internalType": "uint256",
        "name": "fictiveReserve0",
        "type": "uint256"
      },
      {
        "indexed": false,
        "internalType": "uint256",
        "name": "fictiveReserve1",
        "type": "uint256"
      },
      {
        "indexed": false,
        "internalType": "uint256",
        "name": "priceAverage0",
        "type": "uint256"
      },
      {
        "indexed": false,
        "internalType": "uint256",
        "name": "priceAverage1",
        "type": "uint256"
      }
    ],
    "name": "Sync",
    "type": "event"
  },
  {
    "anonymous": false,
    "inputs": [
      {
        "indexed": true,
        "internalType": "address",
        "name": "from",
        "type": "address"
      },
      {
        "indexed": true,
        "internalType": "address",
        "name": "to",
        "type": "address"
      },
      {
        "indexed": false,
        "internalType": "uint256",
        "name": "value",
        "type": "uint256"
      }
    ],
    "name": "Transfer",
    "type": "event"
  },
  {
    "inputs": [],
    "name": "DOMAIN_SEPARATOR",
    "outputs": [{ "internalType": "bytes32", "name": "", "type": "bytes32" }],
    "stateMutability": "view",
    "type": "function"
  },
  {
    "inputs": [
      { "internalType": "address", "name": "owner", "type": "address" },
      { "internalType": "address", "name": "spender", "type": "address" }
    ],
    "name": "allowance",
    "outputs": [{ "internalType": "uint256", "name": "", "type": "uint256" }],
    "stateMutability": "view",
    "type": "function"
  },
  {
    "inputs": [
      { "internalType": "address", "name": "spender", "type": "address" },
      { "internalType": "uint256", "name": "amount", "type": "uint256" }
    ],
    "name": "approve",
    "outputs": [{ "internalType": "bool", "name": "", "type": "bool" }],
    "stateMutability": "nonpayable",
    "type": "function"
  },
  {
    "inputs": [
      { "internalType": "address", "name": "account", "type": "address" }
    ],
    "name": "balanceOf",
    "outputs": [{ "internalType": "uint256", "name": "", "type": "uint256" }],
    "stateMutability": "view",
    "type": "function"
  },
  {
    "inputs": [{ "internalType": "address", "name": "_to", "type": "address" }],
    "name": "burn",
    "outputs": [
      { "internalType": "uint256", "name": "amount0_", "type": "uint256" },
      { "internalType": "uint256", "name": "amount1_", "type": "uint256" }
    ],
    "stateMutability": "nonpayable",
    "type": "function"
  },
  {
    "inputs": [],
    "name": "decimals",
    "outputs": [{ "internalType": "uint8", "name": "", "type": "uint8" }],
    "stateMutability": "view",
    "type": "function"
  },
  {
    "inputs": [
      { "internalType": "address", "name": "spender", "type": "address" },
      {
        "internalType": "uint256",
        "name": "subtractedValue",
        "type": "uint256"
      }
    ],
    "name": "decreaseAllowance",
    "outputs": [{ "internalType": "bool", "name": "", "type": "bool" }],
    "stateMutability": "nonpayable",
    "type": "function"
  },
  {
    "inputs": [],
    "name": "eip712Domain",
    "outputs": [
      { "internalType": "bytes1", "name": "fields", "type": "bytes1" },
      { "internalType": "string", "name": "name", "type": "string" },
      { "internalType": "string", "name": "version", "type": "string" },
      { "internalType": "uint256", "name": "chainId", "type": "uint256" },
      {
        "internalType": "address",
        "name": "verifyingContract",
        "type": "address"
      },
      { "internalType": "bytes32", "name": "salt", "type": "bytes32" },
      { "internalType": "uint256[]", "name": "extensions", "type": "uint256[]" }
    ],
    "stateMutability": "view",
    "type": "function"
  },
  {
    "inputs": [],
    "name": "factory",
    "outputs": [{ "internalType": "address", "name": "", "type": "address" }],
    "stateMutability": "view",
    "type": "function"
  },
  {
    "inputs": [],
    "name": "getFeeToAmounts",
    "outputs": [
      { "internalType": "uint256", "name": "fees0_", "type": "uint256" },
      { "internalType": "uint256", "name": "fees1_", "type": "uint256" }
    ],
    "stateMutability": "view",
    "type": "function"
  },
  {
    "inputs": [],
    "name": "getFictiveReserves",
    "outputs": [
      {
        "internalType": "uint256",
        "name": "fictiveReserve0_",
        "type": "uint256"
      },
      {
        "internalType": "uint256",
        "name": "fictiveReserve1_",
        "type": "uint256"
      }
    ],
    "stateMutability": "view",
    "type": "function"
  },
  {
    "inputs": [],
    "name": "getPairFees",
    "outputs": [
      { "internalType": "uint128", "name": "feesLP_", "type": "uint128" },
      { "internalType": "uint128", "name": "feesPool_", "type": "uint128" }
    ],
    "stateMutability": "view",
    "type": "function"
  },
  {
    "inputs": [],
    "name": "getPriceAverage",
    "outputs": [
      {
        "internalType": "uint256",
        "name": "priceAverage0_",
        "type": "uint256"
      },
      {
        "internalType": "uint256",
        "name": "priceAverage1_",
        "type": "uint256"
      },
      {
        "internalType": "uint256",
        "name": "priceAverageLastTimestamp_",
        "type": "uint256"
      }
    ],
    "stateMutability": "view",
    "type": "function"
  },
  {
    "inputs": [],
    "name": "getReserves",
    "outputs": [
      { "internalType": "uint256", "name": "reserve0_", "type": "uint256" },
      { "internalType": "uint256", "name": "reserve1_", "type": "uint256" }
    ],
    "stateMutability": "view",
    "type": "function"
  },
  {
    "inputs": [
      {
        "internalType": "uint256",
        "name": "_fictiveReserveIn",
        "type": "uint256"
      },
      {
        "internalType": "uint256",
        "name": "_fictiveReserveOut",
        "type": "uint256"
      },
      {
        "internalType": "uint256",
        "name": "_priceAverageLastTimestamp",
        "type": "uint256"
      },
      {
        "internalType": "uint256",
        "name": "_priceAverageIn",
        "type": "uint256"
      },
      {
        "internalType": "uint256",
        "name": "_priceAverageOut",
        "type": "uint256"
      },
      {
        "internalType": "uint256",
        "name": "_currentTimestamp",
        "type": "uint256"
      }
    ],
    "name": "getUpdatedPriceAverage",
    "outputs": [
      {
        "internalType": "uint256",
        "name": "priceAverageIn_",
        "type": "uint256"
      },
      {
        "internalType": "uint256",
        "name": "priceAverageOut_",
        "type": "uint256"
      }
    ],
    "stateMutability": "pure",
    "type": "function"
  },
  {
    "inputs": [
      { "internalType": "address", "name": "spender", "type": "address" },
      { "internalType": "uint256", "name": "addedValue", "type": "uint256" }
    ],
    "name": "increaseAllowance",
    "outputs": [{ "internalType": "bool", "name": "", "type": "bool" }],
    "stateMutability": "nonpayable",
    "type": "function"
  },
  {
    "inputs": [
      { "internalType": "address", "name": "_token0", "type": "address" },
      { "internalType": "address", "name": "_token1", "type": "address" },
      { "internalType": "uint128", "name": "_feesLP", "type": "uint128" },
      { "internalType": "uint128", "name": "_feesPool", "type": "uint128" }
    ],
    "name": "initialize",
    "outputs": [],
    "stateMutability": "nonpayable",
    "type": "function"
  },
  {
    "inputs": [
      { "internalType": "address", "name": "_to", "type": "address" },
      { "internalType": "uint256", "name": "_amount0", "type": "uint256" },
      { "internalType": "uint256", "name": "_amount1", "type": "uint256" },
      { "internalType": "address", "name": "_payer", "type": "address" }
    ],
    "name": "mint",
    "outputs": [
      { "internalType": "uint256", "name": "liquidity_", "type": "uint256" }
    ],
    "stateMutability": "nonpayable",
    "type": "function"
  },
  {
    "inputs": [],
    "name": "name",
    "outputs": [{ "internalType": "string", "name": "", "type": "string" }],
    "stateMutability": "view",
    "type": "function"
  },
  {
    "inputs": [
      { "internalType": "address", "name": "owner", "type": "address" }
    ],
    "name": "nonces",
    "outputs": [{ "internalType": "uint256", "name": "", "type": "uint256" }],
    "stateMutability": "view",
    "type": "function"
  },
  {
    "inputs": [
      { "internalType": "address", "name": "owner", "type": "address" },
      { "internalType": "address", "name": "spender", "type": "address" },
      { "internalType": "uint256", "name": "value", "type": "uint256" },
      { "internalType": "uint256", "name": "deadline", "type": "uint256" },
      { "internalType": "uint8", "name": "v", "type": "uint8" },
      { "internalType": "bytes32", "name": "r", "type": "bytes32" },
      { "internalType": "bytes32", "name": "s", "type": "bytes32" }
    ],
    "name": "permit",
    "outputs": [],
    "stateMutability": "nonpayable",
    "type": "function"
  },
  {
    "inputs": [
      { "internalType": "uint128", "name": "_feesLP", "type": "uint128" },
      { "internalType": "uint128", "name": "_feesPool", "type": "uint128" }
    ],
    "name": "setFees",
    "outputs": [],
    "stateMutability": "nonpayable",
    "type": "function"
  },
  {
    "inputs": [
      { "internalType": "address", "name": "_to", "type": "address" },
      { "internalType": "bool", "name": "_zeroForOne", "type": "bool" },
      {
        "internalType": "int256",
        "name": "_amountSpecified",
        "type": "int256"
      },
      { "internalType": "bytes", "name": "_data", "type": "bytes" }
    ],
    "name": "swap",
    "outputs": [
      { "internalType": "int256", "name": "amount0_", "type": "int256" },
      { "internalType": "int256", "name": "amount1_", "type": "int256" }
    ],
    "stateMutability": "nonpayable",
    "type": "function"
  },
  {
    "inputs": [],
    "name": "symbol",
    "outputs": [{ "internalType": "string", "name": "", "type": "string" }],
    "stateMutability": "view",
    "type": "function"
  },
  {
    "inputs": [],
    "name": "token0",
    "outputs": [{ "internalType": "address", "name": "", "type": "address" }],
    "stateMutability": "view",
    "type": "function"
  },
  {
    "inputs": [],
    "name": "token1",
    "outputs": [{ "internalType": "address", "name": "", "type": "address" }],
    "stateMutability": "view",
    "type": "function"
  },
  {
    "inputs": [],
    "name": "totalSupply",
    "outputs": [{ "internalType": "uint256", "name": "", "type": "uint256" }],
    "stateMutability": "view",
    "type": "function"
  },
  {
    "inputs": [
      { "internalType": "address", "name": "to", "type": "address" },
      { "internalType": "uint256", "name": "amount", "type": "uint256" }
    ],
    "name": "transfer",
    "outputs": [{ "internalType": "bool", "name": "", "type": "bool" }],
    "stateMutability": "nonpayable",
    "type": "function"
  },
  {
    "inputs": [
      { "internalType": "address", "name": "from", "type": "address" },
      { "internalType": "address", "name": "to", "type": "address" },
      { "internalType": "uint256", "name": "amount", "type": "uint256" }
    ],
    "name": "transferFrom",
    "outputs": [{ "internalType": "bool", "name": "", "type": "bool" }],
    "stateMutability": "nonpayable",
    "type": "function"
  }
]
