[
  {
    "constant": false,
    "inputs": [
      {
        "internalType": "address",
        "name": "asset",
        "type": "address"
      },
      {
        "internalType": "uint256",
        "name": "amount",
        "type": "uint256"
      },
      {
        "internalType": "address",
        "name": "onBehalfOf",
        "type": "address"
      },
      {
        "internalType": "uint16",
        "name": "referralCode",
        "type": "uint16"
      }
    ],
    "name": "deposit",
    "outputs": [],
    "type": "function"
  },
  {
    "constant": false,
    "inputs": [
      {
        "internalType": "address",
        "name": "asset",
        "type": "address"
      },
      {
        "internalType": "uint256",
        "name": "amount",
        "type": "uint256"
      },
      {
        "internalType": "address",
        "name": "to",
        "type": "address"
      }
    ],
    "name": "withdraw",
    "outputs": [],
    "type": "function"
  }
]
