[
  {
    "inputs": [
      {
        "internalType": "address payable",
        "name": "_feeWallet",
        "type": "address"
      }
    ],
    "stateMutability": "nonpayable",
    "type": "constructor"
  },
  {
    "anonymous": false,
    "inputs": [
      {
        "indexed": true,
        "internalType": "address",
        "name": "adapter",
        "type": "address"
      }
    ],
    "name": "AdapterInitialized",
    "type": "event"
  },
  {
    "anonymous": false,
    "inputs": [
      {
        "indexed": true,
        "internalType": "bytes32",
        "name": "role",
        "type": "bytes32"
      },
      {
        "indexed": true,
        "internalType": "bytes32",
        "name": "previousAdminRole",
        "type": "bytes32"
      },
      {
        "indexed": true,
        "internalType": "bytes32",
        "name": "newAdminRole",
        "type": "bytes32"
      }
    ],
    "name": "RoleAdminChanged",
    "type": "event"
  },
  {
    "anonymous": false,
    "inputs": [
      {
        "indexed": true,
        "internalType": "bytes32",
        "name": "role",
        "type": "bytes32"
      },
      {
        "indexed": true,
        "internalType": "address",
        "name": "account",
        "type": "address"
      },
      {
        "indexed": true,
        "internalType": "address",
        "name": "sender",
        "type": "address"
      }
    ],
    "name": "RoleGranted",
    "type": "event"
  },
  {
    "anonymous": false,
    "inputs": [
      {
        "indexed": true,
        "internalType": "bytes32",
        "name": "role",
        "type": "bytes32"
      },
      {
        "indexed": true,
        "internalType": "address",
        "name": "account",
        "type": "address"
      },
      {
        "indexed": true,
        "internalType": "address",
        "name": "sender",
        "type": "address"
      }
    ],
    "name": "RoleRevoked",
    "type": "event"
  },
  {
    "anonymous": false,
    "inputs": [
      {
        "indexed": true,
        "internalType": "address",
        "name": "router",
        "type": "address"
      }
    ],
    "name": "RouterInitialized",
    "type": "event"
  },
  { "stateMutability": "payable", "type": "fallback" },
  {
    "inputs": [],
    "name": "DEFAULT_ADMIN_ROLE",
    "outputs": [{ "internalType": "bytes32", "name": "", "type": "bytes32" }],
    "stateMutability": "view",
    "type": "function"
  },
  {
    "inputs": [],
    "name": "ROUTER_ROLE",
    "outputs": [{ "internalType": "bytes32", "name": "", "type": "bytes32" }],
    "stateMutability": "view",
    "type": "function"
  },
  {
    "inputs": [],
    "name": "WHITELISTED_ROLE",
    "outputs": [{ "internalType": "bytes32", "name": "", "type": "bytes32" }],
    "stateMutability": "view",
    "type": "function"
  },
  {
    "inputs": [{ "internalType": "bytes32", "name": "key", "type": "bytes32" }],
    "name": "getAdapterData",
    "outputs": [{ "internalType": "bytes", "name": "", "type": "bytes" }],
    "stateMutability": "view",
    "type": "function"
  },
  {
    "inputs": [],
    "name": "getFeeWallet",
    "outputs": [{ "internalType": "address", "name": "", "type": "address" }],
    "stateMutability": "view",
    "type": "function"
  },
  {
    "inputs": [
      { "internalType": "bytes4", "name": "selector", "type": "bytes4" }
    ],
    "name": "getImplementation",
    "outputs": [{ "internalType": "address", "name": "", "type": "address" }],
    "stateMutability": "view",
    "type": "function"
  },
  {
    "inputs": [
      { "internalType": "address", "name": "partner", "type": "address" }
    ],
    "name": "getPartnerFeeStructure",
    "outputs": [
      {
        "components": [
          {
            "internalType": "uint256",
            "name": "partnerShare",
            "type": "uint256"
          },
          {
            "internalType": "bool",
            "name": "noPositiveSlippage",
            "type": "bool"
          },
          {
            "internalType": "bool",
            "name": "positiveSlippageToUser",
            "type": "bool"
          },
          { "internalType": "uint16", "name": "feePercent", "type": "uint16" },
          { "internalType": "string", "name": "partnerId", "type": "string" },
          { "internalType": "bytes", "name": "data", "type": "bytes" }
        ],
        "internalType": "struct AugustusStorage.FeeStructure",
        "name": "",
        "type": "tuple"
      }
    ],
    "stateMutability": "view",
    "type": "function"
  },
  {
    "inputs": [
      { "internalType": "bytes32", "name": "role", "type": "bytes32" }
    ],
    "name": "getRoleAdmin",
    "outputs": [{ "internalType": "bytes32", "name": "", "type": "bytes32" }],
    "stateMutability": "view",
    "type": "function"
  },
  {
    "inputs": [
      { "internalType": "bytes32", "name": "role", "type": "bytes32" },
      { "internalType": "uint256", "name": "index", "type": "uint256" }
    ],
    "name": "getRoleMember",
    "outputs": [{ "internalType": "address", "name": "", "type": "address" }],
    "stateMutability": "view",
    "type": "function"
  },
  {
    "inputs": [
      { "internalType": "bytes32", "name": "role", "type": "bytes32" }
    ],
    "name": "getRoleMemberCount",
    "outputs": [{ "internalType": "uint256", "name": "", "type": "uint256" }],
    "stateMutability": "view",
    "type": "function"
  },
  {
    "inputs": [{ "internalType": "bytes32", "name": "key", "type": "bytes32" }],
    "name": "getRouterData",
    "outputs": [{ "internalType": "bytes", "name": "", "type": "bytes" }],
    "stateMutability": "view",
    "type": "function"
  },
  {
    "inputs": [],
    "name": "getTokenTransferProxy",
    "outputs": [{ "internalType": "address", "name": "", "type": "address" }],
    "stateMutability": "view",
    "type": "function"
  },
  {
    "inputs": [],
    "name": "getVersion",
    "outputs": [{ "internalType": "string", "name": "", "type": "string" }],
    "stateMutability": "pure",
    "type": "function"
  },
  {
    "inputs": [
      { "internalType": "bytes32", "name": "role", "type": "bytes32" },
      { "internalType": "address", "name": "account", "type": "address" }
    ],
    "name": "grantRole",
    "outputs": [],
    "stateMutability": "nonpayable",
    "type": "function"
  },
  {
    "inputs": [
      { "internalType": "bytes32", "name": "role", "type": "bytes32" },
      { "internalType": "address", "name": "account", "type": "address" }
    ],
    "name": "hasRole",
    "outputs": [{ "internalType": "bool", "name": "", "type": "bool" }],
    "stateMutability": "view",
    "type": "function"
  },
  {
    "inputs": [
      { "internalType": "address", "name": "adapter", "type": "address" },
      { "internalType": "bytes", "name": "data", "type": "bytes" }
    ],
    "name": "initializeAdapter",
    "outputs": [],
    "stateMutability": "nonpayable",
    "type": "function"
  },
  {
    "inputs": [
      { "internalType": "address", "name": "router", "type": "address" },
      { "internalType": "bytes", "name": "data", "type": "bytes" }
    ],
    "name": "initializeRouter",
    "outputs": [],
    "stateMutability": "nonpayable",
    "type": "function"
  },
  {
    "inputs": [{ "internalType": "bytes32", "name": "key", "type": "bytes32" }],
    "name": "isAdapterInitialized",
    "outputs": [{ "internalType": "bool", "name": "", "type": "bool" }],
    "stateMutability": "view",
    "type": "function"
  },
  {
    "inputs": [{ "internalType": "bytes32", "name": "key", "type": "bytes32" }],
    "name": "isRouterInitialized",
    "outputs": [{ "internalType": "bool", "name": "", "type": "bool" }],
    "stateMutability": "view",
    "type": "function"
  },
  {
    "inputs": [
      { "internalType": "address", "name": "partner", "type": "address" },
      { "internalType": "uint256", "name": "_partnerShare", "type": "uint256" },
      { "internalType": "bool", "name": "_noPositiveSlippage", "type": "bool" },
      {
        "internalType": "bool",
        "name": "_positiveSlippageToUser",
        "type": "bool"
      },
      { "internalType": "uint16", "name": "_feePercent", "type": "uint16" },
      { "internalType": "string", "name": "partnerId", "type": "string" },
      { "internalType": "bytes", "name": "_data", "type": "bytes" }
    ],
    "name": "registerPartner",
    "outputs": [],
    "stateMutability": "nonpayable",
    "type": "function"
  },
  {
    "inputs": [
      { "internalType": "bytes32", "name": "role", "type": "bytes32" },
      { "internalType": "address", "name": "account", "type": "address" }
    ],
    "name": "renounceRole",
    "outputs": [],
    "stateMutability": "nonpayable",
    "type": "function"
  },
  {
    "inputs": [
      { "internalType": "bytes32", "name": "role", "type": "bytes32" },
      { "internalType": "address", "name": "account", "type": "address" }
    ],
    "name": "revokeRole",
    "outputs": [],
    "stateMutability": "nonpayable",
    "type": "function"
  },
  {
    "inputs": [
      {
        "internalType": "address payable",
        "name": "_feeWallet",
        "type": "address"
      }
    ],
    "name": "setFeeWallet",
    "outputs": [],
    "stateMutability": "nonpayable",
    "type": "function"
  },
  {
    "inputs": [
      { "internalType": "bytes4", "name": "selector", "type": "bytes4" },
      { "internalType": "address", "name": "implementation", "type": "address" }
    ],
    "name": "setImplementation",
    "outputs": [],
    "stateMutability": "nonpayable",
    "type": "function"
  },
  {
    "inputs": [
      { "internalType": "address", "name": "token", "type": "address" },
      {
        "internalType": "address payable",
        "name": "destination",
        "type": "address"
      },
      { "internalType": "uint256", "name": "amount", "type": "uint256" }
    ],
    "name": "transferTokens",
    "outputs": [],
    "stateMutability": "nonpayable",
    "type": "function"
  },
  { "stateMutability": "payable", "type": "receive" }
]
