[
  {
    "inputs": [
      {
        "internalType": "address[]",
        "name": "_assets",
        "type": "address[]"
      },
      {
        "internalType": "uint256[]",
        "name": "_assetWeights",
        "type": "uint256[]"
      },
      {
        "internalType": "address[]",
        "name": "_derivativeAssimilators",
        "type": "address[]"
      }
    ],
    "payable": false,
    "stateMutability": "nonpayable",
    "type": "constructor"
  },
  {
    "anonymous": false,
    "inputs": [
      {
        "indexed": true,
        "internalType": "address",
        "name": "_owner",
        "type": "address"
      },
      {
        "indexed": true,
        "internalType": "address",
        "name": "spender",
        "type": "address"
      },
      {
        "indexed": false,
        "internalType": "uint256",
        "name": "value",
        "type": "uint256"
      }
    ],
    "name": "Approval",
    "type": "event"
  },
  {
    "anonymous": false,
    "inputs": [
      {
        "indexed": true,
        "internalType": "address",
        "name": "numeraire",
        "type": "address"
      },
      {
        "indexed": true,
        "internalType": "address",
        "name": "reserve",
        "type": "address"
      },
      {
        "indexed": false,
        "internalType": "uint256",
        "name": "weight",
        "type": "uint256"
      }
    ],
    "name": "AssetIncluded",
    "type": "event"
  },
  {
    "anonymous": false,
    "inputs": [
      {
        "indexed": true,
        "internalType": "address",
        "name": "derivative",
        "type": "address"
      },
      {
        "indexed": true,
        "internalType": "address",
        "name": "numeraire",
        "type": "address"
      },
      {
        "indexed": true,
        "internalType": "address",
        "name": "reserve",
        "type": "address"
      },
      {
        "indexed": false,
        "internalType": "address",
        "name": "assimilator",
        "type": "address"
      }
    ],
    "name": "AssimilatorIncluded",
    "type": "event"
  },
  {
    "anonymous": false,
    "inputs": [
      {
        "indexed": false,
        "internalType": "bool",
        "name": "isFrozen",
        "type": "bool"
      }
    ],
    "name": "FrozenSet",
    "type": "event"
  },
  {
    "anonymous": false,
    "inputs": [
      {
        "indexed": true,
        "internalType": "address",
        "name": "previousOwner",
        "type": "address"
      },
      {
        "indexed": true,
        "internalType": "address",
        "name": "newOwner",
        "type": "address"
      }
    ],
    "name": "OwnershipTransfered",
    "type": "event"
  },
  {
    "anonymous": false,
    "inputs": [
      {
        "indexed": false,
        "internalType": "uint256",
        "name": "alpha",
        "type": "uint256"
      },
      {
        "indexed": false,
        "internalType": "uint256",
        "name": "beta",
        "type": "uint256"
      },
      {
        "indexed": false,
        "internalType": "uint256",
        "name": "delta",
        "type": "uint256"
      },
      {
        "indexed": false,
        "internalType": "uint256",
        "name": "epsilon",
        "type": "uint256"
      },
      {
        "indexed": false,
        "internalType": "uint256",
        "name": "lambda",
        "type": "uint256"
      }
    ],
    "name": "ParametersSet",
    "type": "event"
  },
  {
    "anonymous": false,
    "inputs": [
      {
        "indexed": true,
        "internalType": "address",
        "name": "token",
        "type": "address"
      },
      {
        "indexed": true,
        "internalType": "address",
        "name": "redeemer",
        "type": "address"
      },
      {
        "indexed": false,
        "internalType": "uint256",
        "name": "value",
        "type": "uint256"
      }
    ],
    "name": "PartitionRedeemed",
    "type": "event"
  },
  {
    "anonymous": false,
    "inputs": [
      {
        "indexed": false,
        "internalType": "bool",
        "name": "partitioned",
        "type": "bool"
      }
    ],
    "name": "PoolPartitioned",
    "type": "event"
  },
  {
    "anonymous": false,
    "inputs": [
      {
        "indexed": true,
        "internalType": "address",
        "name": "trader",
        "type": "address"
      },
      {
        "indexed": true,
        "internalType": "address",
        "name": "origin",
        "type": "address"
      },
      {
        "indexed": true,
        "internalType": "address",
        "name": "target",
        "type": "address"
      },
      {
        "indexed": false,
        "internalType": "uint256",
        "name": "originAmount",
        "type": "uint256"
      },
      {
        "indexed": false,
        "internalType": "uint256",
        "name": "targetAmount",
        "type": "uint256"
      }
    ],
    "name": "Trade",
    "type": "event"
  },
  {
    "anonymous": false,
    "inputs": [
      {
        "indexed": true,
        "internalType": "address",
        "name": "from",
        "type": "address"
      },
      {
        "indexed": true,
        "internalType": "address",
        "name": "to",
        "type": "address"
      },
      {
        "indexed": false,
        "internalType": "uint256",
        "name": "value",
        "type": "uint256"
      }
    ],
    "name": "Transfer",
    "type": "event"
  },
  {
    "constant": true,
    "inputs": [
      {
        "internalType": "address",
        "name": "_owner",
        "type": "address"
      },
      {
        "internalType": "address",
        "name": "_spender",
        "type": "address"
      }
    ],
    "name": "allowance",
    "outputs": [
      {
        "internalType": "uint256",
        "name": "allowance_",
        "type": "uint256"
      }
    ],
    "payable": false,
    "stateMutability": "view",
    "type": "function"
  },
  {
    "constant": false,
    "inputs": [
      {
        "internalType": "address",
        "name": "_spender",
        "type": "address"
      },
      {
        "internalType": "uint256",
        "name": "_amount",
        "type": "uint256"
      }
    ],
    "name": "approve",
    "outputs": [
      {
        "internalType": "bool",
        "name": "success_",
        "type": "bool"
      }
    ],
    "payable": false,
    "stateMutability": "nonpayable",
    "type": "function"
  },
  {
    "constant": true,
    "inputs": [
      {
        "internalType": "address",
        "name": "_derivative",
        "type": "address"
      }
    ],
    "name": "assimilator",
    "outputs": [
      {
        "internalType": "address",
        "name": "assimilator_",
        "type": "address"
      }
    ],
    "payable": false,
    "stateMutability": "view",
    "type": "function"
  },
  {
    "constant": true,
    "inputs": [
      {
        "internalType": "address",
        "name": "_account",
        "type": "address"
      }
    ],
    "name": "balanceOf",
    "outputs": [
      {
        "internalType": "uint256",
        "name": "balance_",
        "type": "uint256"
      }
    ],
    "payable": false,
    "stateMutability": "view",
    "type": "function"
  },
  {
    "constant": true,
    "inputs": [],
    "name": "chi",
    "outputs": [
      {
        "internalType": "contract IFreeFromUpTo",
        "name": "",
        "type": "address"
      }
    ],
    "payable": false,
    "stateMutability": "view",
    "type": "function"
  },
  {
    "constant": true,
    "inputs": [],
    "name": "decimals",
    "outputs": [
      {
        "internalType": "uint8",
        "name": "",
        "type": "uint8"
      }
    ],
    "payable": false,
    "stateMutability": "view",
    "type": "function"
  },
  {
    "constant": true,
    "inputs": [
      {
        "internalType": "uint256",
        "name": "",
        "type": "uint256"
      }
    ],
    "name": "derivatives",
    "outputs": [
      {
        "internalType": "address",
        "name": "",
        "type": "address"
      }
    ],
    "payable": false,
    "stateMutability": "view",
    "type": "function"
  },
  {
    "constant": false,
    "inputs": [
      {
        "internalType": "address",
        "name": "_derivative",
        "type": "address"
      }
    ],
    "name": "excludeDerivative",
    "outputs": [],
    "payable": false,
    "stateMutability": "nonpayable",
    "type": "function"
  },
  {
    "constant": true,
    "inputs": [],
    "name": "frozen",
    "outputs": [
      {
        "internalType": "bool",
        "name": "",
        "type": "bool"
      }
    ],
    "payable": false,
    "stateMutability": "view",
    "type": "function"
  },
  {
    "constant": true,
    "inputs": [],
    "name": "liquidity",
    "outputs": [
      {
        "internalType": "uint256",
        "name": "total_",
        "type": "uint256"
      },
      {
        "internalType": "uint256[]",
        "name": "individual_",
        "type": "uint256[]"
      }
    ],
    "payable": false,
    "stateMutability": "view",
    "type": "function"
  },
  {
    "constant": true,
    "inputs": [],
    "name": "name",
    "outputs": [
      {
        "internalType": "string",
        "name": "",
        "type": "string"
      }
    ],
    "payable": false,
    "stateMutability": "view",
    "type": "function"
  },
  {
    "constant": true,
    "inputs": [
      {
        "internalType": "uint256",
        "name": "",
        "type": "uint256"
      }
    ],
    "name": "numeraires",
    "outputs": [
      {
        "internalType": "address",
        "name": "",
        "type": "address"
      }
    ],
    "payable": false,
    "stateMutability": "view",
    "type": "function"
  },
  {
    "constant": false,
    "inputs": [
      {
        "internalType": "address",
        "name": "_origin",
        "type": "address"
      },
      {
        "internalType": "address",
        "name": "_target",
        "type": "address"
      },
      {
        "internalType": "uint256",
        "name": "_originAmount",
        "type": "uint256"
      },
      {
        "internalType": "uint256",
        "name": "_minTargetAmount",
        "type": "uint256"
      },
      {
        "internalType": "uint256",
        "name": "_deadline",
        "type": "uint256"
      }
    ],
    "name": "originSwap",
    "outputs": [
      {
        "internalType": "uint256",
        "name": "targetAmount_",
        "type": "uint256"
      }
    ],
    "payable": false,
    "stateMutability": "nonpayable",
    "type": "function"
  },
  {
    "constant": false,
    "inputs": [
      {
        "internalType": "address",
        "name": "_origin",
        "type": "address"
      },
      {
        "internalType": "address",
        "name": "_target",
        "type": "address"
      },
      {
        "internalType": "uint256",
        "name": "_originAmount",
        "type": "uint256"
      },
      {
        "internalType": "uint256",
        "name": "_minTargetAmount",
        "type": "uint256"
      },
      {
        "internalType": "uint256",
        "name": "_deadline",
        "type": "uint256"
      }
    ],
    "name": "originSwapDiscountCHI",
    "outputs": [
      {
        "internalType": "uint256",
        "name": "targetAmount_",
        "type": "uint256"
      }
    ],
    "payable": false,
    "stateMutability": "nonpayable",
    "type": "function"
  },
  {
    "constant": true,
    "inputs": [],
    "name": "owner",
    "outputs": [
      {
        "internalType": "address",
        "name": "",
        "type": "address"
      }
    ],
    "payable": false,
    "stateMutability": "view",
    "type": "function"
  },
  {
    "constant": false,
    "inputs": [],
    "name": "partition",
    "outputs": [],
    "payable": false,
    "stateMutability": "nonpayable",
    "type": "function"
  },
  {
    "constant": true,
    "inputs": [
      {
        "internalType": "address",
        "name": "",
        "type": "address"
      }
    ],
    "name": "partitionTickets",
    "outputs": [
      {
        "internalType": "bool",
        "name": "initialized",
        "type": "bool"
      }
    ],
    "payable": false,
    "stateMutability": "view",
    "type": "function"
  },
  {
    "constant": true,
    "inputs": [],
    "name": "partitioned",
    "outputs": [
      {
        "internalType": "bool",
        "name": "",
        "type": "bool"
      }
    ],
    "payable": false,
    "stateMutability": "view",
    "type": "function"
  },
  {
    "constant": false,
    "inputs": [
      {
        "internalType": "address[]",
        "name": "_tokens",
        "type": "address[]"
      },
      {
        "internalType": "uint256[]",
        "name": "_amounts",
        "type": "uint256[]"
      }
    ],
    "name": "partitionedWithdraw",
    "outputs": [
      {
        "internalType": "uint256[]",
        "name": "withdrawals_",
        "type": "uint256[]"
      }
    ],
    "payable": false,
    "stateMutability": "nonpayable",
    "type": "function"
  },
  {
    "constant": false,
    "inputs": [
      {
        "internalType": "uint256",
        "name": "_deposit",
        "type": "uint256"
      },
      {
        "internalType": "uint256",
        "name": "_deadline",
        "type": "uint256"
      }
    ],
    "name": "proportionalDeposit",
    "outputs": [
      {
        "internalType": "uint256",
        "name": "shellsMinted_",
        "type": "uint256"
      },
      {
        "internalType": "uint256[]",
        "name": "deposits_",
        "type": "uint256[]"
      }
    ],
    "payable": false,
    "stateMutability": "nonpayable",
    "type": "function"
  },
  {
    "constant": false,
    "inputs": [
      {
        "internalType": "uint256",
        "name": "_shellsToBurn",
        "type": "uint256"
      },
      {
        "internalType": "uint256",
        "name": "_deadline",
        "type": "uint256"
      }
    ],
    "name": "proportionalWithdraw",
    "outputs": [
      {
        "internalType": "uint256[]",
        "name": "withdrawals_",
        "type": "uint256[]"
      }
    ],
    "payable": false,
    "stateMutability": "nonpayable",
    "type": "function"
  },
  {
    "constant": true,
    "inputs": [
      {
        "internalType": "uint256",
        "name": "",
        "type": "uint256"
      }
    ],
    "name": "reserves",
    "outputs": [
      {
        "internalType": "address",
        "name": "",
        "type": "address"
      }
    ],
    "payable": false,
    "stateMutability": "view",
    "type": "function"
  },
  {
    "constant": false,
    "inputs": [
      {
        "internalType": "address[]",
        "name": "_derivatives",
        "type": "address[]"
      },
      {
        "internalType": "uint256[]",
        "name": "_amounts",
        "type": "uint256[]"
      },
      {
        "internalType": "uint256",
        "name": "_minShells",
        "type": "uint256"
      },
      {
        "internalType": "uint256",
        "name": "_deadline",
        "type": "uint256"
      }
    ],
    "name": "selectiveDeposit",
    "outputs": [
      {
        "internalType": "uint256",
        "name": "shellsMinted_",
        "type": "uint256"
      }
    ],
    "payable": false,
    "stateMutability": "nonpayable",
    "type": "function"
  },
  {
    "constant": false,
    "inputs": [
      {
        "internalType": "address[]",
        "name": "_derivatives",
        "type": "address[]"
      },
      {
        "internalType": "uint256[]",
        "name": "_amounts",
        "type": "uint256[]"
      },
      {
        "internalType": "uint256",
        "name": "_maxShells",
        "type": "uint256"
      },
      {
        "internalType": "uint256",
        "name": "_deadline",
        "type": "uint256"
      }
    ],
    "name": "selectiveWithdraw",
    "outputs": [
      {
        "internalType": "uint256",
        "name": "shellsBurned_",
        "type": "uint256"
      }
    ],
    "payable": false,
    "stateMutability": "nonpayable",
    "type": "function"
  },
  {
    "constant": false,
    "inputs": [
      {
        "internalType": "bool",
        "name": "_toFreezeOrNotToFreeze",
        "type": "bool"
      }
    ],
    "name": "setFrozen",
    "outputs": [],
    "payable": false,
    "stateMutability": "nonpayable",
    "type": "function"
  },
  {
    "constant": false,
    "inputs": [
      {
        "internalType": "uint256",
        "name": "_alpha",
        "type": "uint256"
      },
      {
        "internalType": "uint256",
        "name": "_beta",
        "type": "uint256"
      },
      {
        "internalType": "uint256",
        "name": "_feeAtHalt",
        "type": "uint256"
      },
      {
        "internalType": "uint256",
        "name": "_epsilon",
        "type": "uint256"
      },
      {
        "internalType": "uint256",
        "name": "_lambda",
        "type": "uint256"
      }
    ],
    "name": "setParams",
    "outputs": [],
    "payable": false,
    "stateMutability": "nonpayable",
    "type": "function"
  },
  {
    "constant": true,
    "inputs": [],
    "name": "shell",
    "outputs": [
      {
        "internalType": "int128",
        "name": "alpha",
        "type": "int128"
      },
      {
        "internalType": "int128",
        "name": "beta",
        "type": "int128"
      },
      {
        "internalType": "int128",
        "name": "delta",
        "type": "int128"
      },
      {
        "internalType": "int128",
        "name": "epsilon",
        "type": "int128"
      },
      {
        "internalType": "int128",
        "name": "lambda",
        "type": "int128"
      },
      {
        "internalType": "uint256",
        "name": "totalSupply",
        "type": "uint256"
      }
    ],
    "payable": false,
    "stateMutability": "view",
    "type": "function"
  },
  {
    "constant": true,
    "inputs": [
      {
        "internalType": "bytes4",
        "name": "_interface",
        "type": "bytes4"
      }
    ],
    "name": "supportsInterface",
    "outputs": [
      {
        "internalType": "bool",
        "name": "supports_",
        "type": "bool"
      }
    ],
    "payable": false,
    "stateMutability": "view",
    "type": "function"
  },
  {
    "constant": true,
    "inputs": [],
    "name": "symbol",
    "outputs": [
      {
        "internalType": "string",
        "name": "",
        "type": "string"
      }
    ],
    "payable": false,
    "stateMutability": "view",
    "type": "function"
  },
  {
    "constant": false,
    "inputs": [
      {
        "internalType": "address",
        "name": "_origin",
        "type": "address"
      },
      {
        "internalType": "address",
        "name": "_target",
        "type": "address"
      },
      {
        "internalType": "uint256",
        "name": "_maxOriginAmount",
        "type": "uint256"
      },
      {
        "internalType": "uint256",
        "name": "_targetAmount",
        "type": "uint256"
      },
      {
        "internalType": "uint256",
        "name": "_deadline",
        "type": "uint256"
      }
    ],
    "name": "targetSwap",
    "outputs": [
      {
        "internalType": "uint256",
        "name": "originAmount_",
        "type": "uint256"
      }
    ],
    "payable": false,
    "stateMutability": "nonpayable",
    "type": "function"
  },
  {
    "constant": true,
    "inputs": [],
    "name": "totalSupply",
    "outputs": [
      {
        "internalType": "uint256",
        "name": "totalSupply_",
        "type": "uint256"
      }
    ],
    "payable": false,
    "stateMutability": "view",
    "type": "function"
  },
  {
    "constant": false,
    "inputs": [
      {
        "internalType": "address",
        "name": "_recipient",
        "type": "address"
      },
      {
        "internalType": "uint256",
        "name": "_amount",
        "type": "uint256"
      }
    ],
    "name": "transfer",
    "outputs": [
      {
        "internalType": "bool",
        "name": "success_",
        "type": "bool"
      }
    ],
    "payable": false,
    "stateMutability": "nonpayable",
    "type": "function"
  },
  {
    "constant": false,
    "inputs": [
      {
        "internalType": "address",
        "name": "_sender",
        "type": "address"
      },
      {
        "internalType": "address",
        "name": "_recipient",
        "type": "address"
      },
      {
        "internalType": "uint256",
        "name": "_amount",
        "type": "uint256"
      }
    ],
    "name": "transferFrom",
    "outputs": [
      {
        "internalType": "bool",
        "name": "success_",
        "type": "bool"
      }
    ],
    "payable": false,
    "stateMutability": "nonpayable",
    "type": "function"
  },
  {
    "constant": false,
    "inputs": [
      {
        "internalType": "address",
        "name": "_newOwner",
        "type": "address"
      }
    ],
    "name": "transferOwnership",
    "outputs": [],
    "payable": false,
    "stateMutability": "nonpayable",
    "type": "function"
  },
  {
    "constant": true,
    "inputs": [
      {
        "internalType": "address",
        "name": "_origin",
        "type": "address"
      },
      {
        "internalType": "address",
        "name": "_target",
        "type": "address"
      },
      {
        "internalType": "uint256",
        "name": "_originAmount",
        "type": "uint256"
      }
    ],
    "name": "viewOriginSwap",
    "outputs": [
      {
        "internalType": "uint256",
        "name": "targetAmount_",
        "type": "uint256"
      }
    ],
    "payable": false,
    "stateMutability": "view",
    "type": "function"
  },
  {
    "constant": true,
    "inputs": [
      {
        "internalType": "address",
        "name": "_addr",
        "type": "address"
      }
    ],
    "name": "viewPartitionClaims",
    "outputs": [
      {
        "internalType": "uint256[]",
        "name": "claims_",
        "type": "uint256[]"
      }
    ],
    "payable": false,
    "stateMutability": "view",
    "type": "function"
  },
  {
    "constant": true,
    "inputs": [
      {
        "internalType": "uint256",
        "name": "_deposit",
        "type": "uint256"
      }
    ],
    "name": "viewProportionalDeposit",
    "outputs": [
      {
        "internalType": "uint256",
        "name": "shellsToMint_",
        "type": "uint256"
      },
      {
        "internalType": "uint256[]",
        "name": "depositsToMake_",
        "type": "uint256[]"
      }
    ],
    "payable": false,
    "stateMutability": "view",
    "type": "function"
  },
  {
    "constant": true,
    "inputs": [
      {
        "internalType": "uint256",
        "name": "_shellsToBurn",
        "type": "uint256"
      }
    ],
    "name": "viewProportionalWithdraw",
    "outputs": [
      {
        "internalType": "uint256[]",
        "name": "withdrawalsToHappen_",
        "type": "uint256[]"
      }
    ],
    "payable": false,
    "stateMutability": "view",
    "type": "function"
  },
  {
    "constant": true,
    "inputs": [
      {
        "internalType": "address[]",
        "name": "_derivatives",
        "type": "address[]"
      },
      {
        "internalType": "uint256[]",
        "name": "_amounts",
        "type": "uint256[]"
      }
    ],
    "name": "viewSelectiveDeposit",
    "outputs": [
      {
        "internalType": "uint256",
        "name": "shellsToMint_",
        "type": "uint256"
      }
    ],
    "payable": false,
    "stateMutability": "view",
    "type": "function"
  },
  {
    "constant": true,
    "inputs": [
      {
        "internalType": "address[]",
        "name": "_derivatives",
        "type": "address[]"
      },
      {
        "internalType": "uint256[]",
        "name": "_amounts",
        "type": "uint256[]"
      }
    ],
    "name": "viewSelectiveWithdraw",
    "outputs": [
      {
        "internalType": "uint256",
        "name": "shellsToBurn_",
        "type": "uint256"
      }
    ],
    "payable": false,
    "stateMutability": "view",
    "type": "function"
  },
  {
    "constant": true,
    "inputs": [],
    "name": "viewShell",
    "outputs": [
      {
        "internalType": "uint256",
        "name": "alpha_",
        "type": "uint256"
      },
      {
        "internalType": "uint256",
        "name": "beta_",
        "type": "uint256"
      },
      {
        "internalType": "uint256",
        "name": "delta_",
        "type": "uint256"
      },
      {
        "internalType": "uint256",
        "name": "epsilon_",
        "type": "uint256"
      },
      {
        "internalType": "uint256",
        "name": "lambda_",
        "type": "uint256"
      }
    ],
    "payable": false,
    "stateMutability": "view",
    "type": "function"
  },
  {
    "constant": true,
    "inputs": [
      {
        "internalType": "address",
        "name": "_origin",
        "type": "address"
      },
      {
        "internalType": "address",
        "name": "_target",
        "type": "address"
      },
      {
        "internalType": "uint256",
        "name": "_targetAmount",
        "type": "uint256"
      }
    ],
    "name": "viewTargetSwap",
    "outputs": [
      {
        "internalType": "uint256",
        "name": "originAmount_",
        "type": "uint256"
      }
    ],
    "payable": false,
    "stateMutability": "view",
    "type": "function"
  }
]
