[
  {
    "inputs": [
      {
        "internalType": "address",
        "name": "token",
        "type": "address"
      },
      {
        "internalType": "address",
        "name": "to",
        "type": "address"
      },
      {
        "internalType": "uint256",
        "name": "amount",
        "type": "uint256"
      }
    ],
    "name": "approve",
    "outputs": [],
    "stateMutability": "nonpayable",
    "type": "function"
  },
  {
    "inputs": [
      {
        "internalType": "contract IWETH",
        "name": "token",
        "type": "address"
      }
    ],
    "name": "withdrawAllWETH",
    "outputs": [],
    "stateMutability": "nonpayable",
    "type": "function"
  }
]
