[
  {
    "inputs": [
      {
        "internalType": "address",
        "name": "_factory",
        "type": "address"
      },
      {
        "internalType": "address",
        "name": "_weth",
        "type": "address"
      },
      {
        "internalType": "address",
        "name": "_eth",
        "type": "address"
      },
      {
        "internalType": "bytes32",
        "name": "_initCode",
        "type": "bytes32"
      },
      {
        "internalType": "uint256",
        "name": "_fee",
        "type": "uint256"
      },
      {
        "internalType": "uint256",
        "name": "_feeFactor",
        "type": "uint256"
      }
    ],
    "stateMutability": "nonpayable",
    "type": "constructor"
  },
  {
    "anonymous": false,
    "inputs": [
      {
        "indexed": false,
        "internalType": "address",
        "name": "initiator",
        "type": "address"
      },
      {
        "indexed": true,
        "internalType": "address",
        "name": "beneficiary",
        "type": "address"
      },
      {
        "indexed": true,
        "internalType": "address",
        "name": "srcToken",
        "type": "address"
      },
      {
        "indexed": true,
        "internalType": "address",
        "name": "destToken",
        "type": "address"
      },
      {
        "indexed": false,
        "internalType": "uint256",
        "name": "srcAmount",
        "type": "uint256"
      },
      {
        "indexed": false,
        "internalType": "uint256",
        "name": "receivedAmount",
        "type": "uint256"
      }
    ],
    "name": "Bought",
    "type": "event"
  },
  {
    "anonymous": false,
    "inputs": [
      {
        "indexed": false,
        "internalType": "uint256",
        "name": "fee",
        "type": "uint256"
      },
      {
        "indexed": false,
        "internalType": "uint256",
        "name": "partnerShare",
        "type": "uint256"
      },
      {
        "indexed": false,
        "internalType": "uint256",
        "name": "paraswapShare",
        "type": "uint256"
      }
    ],
    "name": "FeeTaken",
    "type": "event"
  },
  {
    "anonymous": false,
    "inputs": [
      {
        "indexed": false,
        "internalType": "address",
        "name": "initiator",
        "type": "address"
      },
      {
        "indexed": true,
        "internalType": "address",
        "name": "beneficiary",
        "type": "address"
      },
      {
        "indexed": true,
        "internalType": "address",
        "name": "srcToken",
        "type": "address"
      },
      {
        "indexed": true,
        "internalType": "address",
        "name": "destToken",
        "type": "address"
      },
      {
        "indexed": false,
        "internalType": "uint256",
        "name": "srcAmount",
        "type": "uint256"
      },
      {
        "indexed": false,
        "internalType": "uint256",
        "name": "receivedAmount",
        "type": "uint256"
      },
      {
        "indexed": false,
        "internalType": "uint256",
        "name": "expectedAmount",
        "type": "uint256"
      }
    ],
    "name": "Swapped",
    "type": "event"
  },
  {
    "inputs": [],
    "name": "ETH_IDENTIFIER",
    "outputs": [
      {
        "internalType": "address",
        "name": "",
        "type": "address"
      }
    ],
    "stateMutability": "view",
    "type": "function"
  },
  {
    "inputs": [],
    "name": "FEE",
    "outputs": [
      {
        "internalType": "uint256",
        "name": "",
        "type": "uint256"
      }
    ],
    "stateMutability": "view",
    "type": "function"
  },
  {
    "inputs": [],
    "name": "FEE_FACTOR",
    "outputs": [
      {
        "internalType": "uint256",
        "name": "",
        "type": "uint256"
      }
    ],
    "stateMutability": "view",
    "type": "function"
  },
  {
    "inputs": [],
    "name": "ROUTER_ROLE",
    "outputs": [
      {
        "internalType": "bytes32",
        "name": "",
        "type": "bytes32"
      }
    ],
    "stateMutability": "view",
    "type": "function"
  },
  {
    "inputs": [],
    "name": "UNISWAP_FACTORY",
    "outputs": [
      {
        "internalType": "address",
        "name": "",
        "type": "address"
      }
    ],
    "stateMutability": "view",
    "type": "function"
  },
  {
    "inputs": [],
    "name": "UNISWAP_INIT_CODE",
    "outputs": [
      {
        "internalType": "bytes32",
        "name": "",
        "type": "bytes32"
      }
    ],
    "stateMutability": "view",
    "type": "function"
  },
  {
    "inputs": [],
    "name": "WETH",
    "outputs": [
      {
        "internalType": "address",
        "name": "",
        "type": "address"
      }
    ],
    "stateMutability": "view",
    "type": "function"
  },
  {
    "inputs": [],
    "name": "WHITELISTED_ROLE",
    "outputs": [
      {
        "internalType": "bytes32",
        "name": "",
        "type": "bytes32"
      }
    ],
    "stateMutability": "view",
    "type": "function"
  },
  {
    "inputs": [
      {
        "internalType": "uint256",
        "name": "amountInMax",
        "type": "uint256"
      },
      {
        "internalType": "uint256",
        "name": "amountOut",
        "type": "uint256"
      },
      {
        "internalType": "address[]",
        "name": "path",
        "type": "address[]"
      }
    ],
    "name": "buyOnUniswap",
    "outputs": [],
    "stateMutability": "payable",
    "type": "function"
  },
  {
    "inputs": [
      {
        "internalType": "address",
        "name": "factory",
        "type": "address"
      },
      {
        "internalType": "bytes32",
        "name": "initCode",
        "type": "bytes32"
      },
      {
        "internalType": "uint256",
        "name": "amountInMax",
        "type": "uint256"
      },
      {
        "internalType": "uint256",
        "name": "amountOut",
        "type": "uint256"
      },
      {
        "internalType": "address[]",
        "name": "path",
        "type": "address[]"
      }
    ],
    "name": "buyOnUniswapFork",
    "outputs": [],
    "stateMutability": "payable",
    "type": "function"
  },
  {
    "inputs": [],
    "name": "getKey",
    "outputs": [
      {
        "internalType": "bytes32",
        "name": "",
        "type": "bytes32"
      }
    ],
    "stateMutability": "pure",
    "type": "function"
  },
  {
    "inputs": [
      {
        "internalType": "bytes",
        "name": "data",
        "type": "bytes"
      }
    ],
    "name": "initialize",
    "outputs": [],
    "stateMutability": "nonpayable",
    "type": "function"
  },
  {
    "inputs": [
      {
        "internalType": "uint256",
        "name": "amountIn",
        "type": "uint256"
      },
      {
        "internalType": "uint256",
        "name": "amountOutMin",
        "type": "uint256"
      },
      {
        "internalType": "address[]",
        "name": "path",
        "type": "address[]"
      }
    ],
    "name": "swapOnUniswap",
    "outputs": [],
    "stateMutability": "payable",
    "type": "function"
  },
  {
    "inputs": [
      {
        "internalType": "address",
        "name": "factory",
        "type": "address"
      },
      {
        "internalType": "bytes32",
        "name": "initCode",
        "type": "bytes32"
      },
      {
        "internalType": "uint256",
        "name": "amountIn",
        "type": "uint256"
      },
      {
        "internalType": "uint256",
        "name": "amountOutMin",
        "type": "uint256"
      },
      {
        "internalType": "address[]",
        "name": "path",
        "type": "address[]"
      }
    ],
    "name": "swapOnUniswapFork",
    "outputs": [],
    "stateMutability": "payable",
    "type": "function"
  }
]
