[
  {
    "anonymous": false,
    "inputs": [
      {
        "indexed": true,
        "name": "_from",
        "type": "address"
      },
      {
        "indexed": true,
        "name": "_to",
        "type": "address"
      },
      {
        "indexed": false,
        "name": "_value",
        "type": "uint256"
      }
    ],
    "name": "Transfer",
    "type": "event"
  },
  {
    "anonymous": false,
    "inputs": [
      {
        "indexed": true,
        "name": "_owner",
        "type": "address"
      },
      {
        "indexed": true,
        "name": "_spender",
        "type": "address"
      },
      {
        "indexed": false,
        "name": "_value",
        "type": "uint256"
      }
    ],
    "name": "Approval",
    "type": "event"
  },
  {
    "inputs": [
      {
        "name": "_name",
        "type": "string"
      },
      {
        "name": "_symbol",
        "type": "string"
      },
      {
        "name": "_decimals",
        "type": "uint256"
      },
      {
        "name": "_supply",
        "type": "uint256"
      }
    ],
    "outputs": [],
    "stateMutability": "nonpayable",
    "type": "constructor"
  },
  {
    "gas": 36218,
    "inputs": [
      {
        "name": "_minter",
        "type": "address"
      }
    ],
    "name": "set_minter",
    "outputs": [],
    "stateMutability": "nonpayable",
    "type": "function"
  },
  {
    "gas": 177979,
    "inputs": [
      {
        "name": "_name",
        "type": "string"
      },
      {
        "name": "_symbol",
        "type": "string"
      }
    ],
    "name": "set_name",
    "outputs": [],
    "stateMutability": "nonpayable",
    "type": "function"
  },
  {
    "gas": 1121,
    "inputs": [],
    "name": "totalSupply",
    "outputs": [
      {
        "name": "",
        "type": "uint256"
      }
    ],
    "stateMutability": "view",
    "type": "function"
  },
  {
    "gas": 1581,
    "inputs": [
      {
        "name": "_owner",
        "type": "address"
      },
      {
        "name": "_spender",
        "type": "address"
      }
    ],
    "name": "allowance",
    "outputs": [
      {
        "name": "",
        "type": "uint256"
      }
    ],
    "stateMutability": "view",
    "type": "function"
  },
  {
    "gas": 74803,
    "inputs": [
      {
        "name": "_to",
        "type": "address"
      },
      {
        "name": "_value",
        "type": "uint256"
      }
    ],
    "name": "transfer",
    "outputs": [
      {
        "name": "",
        "type": "bool"
      }
    ],
    "stateMutability": "nonpayable",
    "type": "function"
  },
  {
    "gas": 112299,
    "inputs": [
      {
        "name": "_from",
        "type": "address"
      },
      {
        "name": "_to",
        "type": "address"
      },
      {
        "name": "_value",
        "type": "uint256"
      }
    ],
    "name": "transferFrom",
    "outputs": [
      {
        "name": "",
        "type": "bool"
      }
    ],
    "stateMutability": "nonpayable",
    "type": "function"
  },
  {
    "gas": 39049,
    "inputs": [
      {
        "name": "_spender",
        "type": "address"
      },
      {
        "name": "_value",
        "type": "uint256"
      }
    ],
    "name": "approve",
    "outputs": [
      {
        "name": "",
        "type": "bool"
      }
    ],
    "stateMutability": "nonpayable",
    "type": "function"
  },
  {
    "gas": 75779,
    "inputs": [
      {
        "name": "_to",
        "type": "address"
      },
      {
        "name": "_value",
        "type": "uint256"
      }
    ],
    "name": "mint",
    "outputs": [
      {
        "name": "",
        "type": "bool"
      }
    ],
    "stateMutability": "nonpayable",
    "type": "function"
  },
  {
    "gas": 75797,
    "inputs": [
      {
        "name": "_to",
        "type": "address"
      },
      {
        "name": "_value",
        "type": "uint256"
      }
    ],
    "name": "burnFrom",
    "outputs": [
      {
        "name": "",
        "type": "bool"
      }
    ],
    "stateMutability": "nonpayable",
    "type": "function"
  },
  {
    "gas": 7733,
    "inputs": [],
    "name": "name",
    "outputs": [
      {
        "name": "",
        "type": "string"
      }
    ],
    "stateMutability": "view",
    "type": "function"
  },
  {
    "gas": 6786,
    "inputs": [],
    "name": "symbol",
    "outputs": [
      {
        "name": "",
        "type": "string"
      }
    ],
    "stateMutability": "view",
    "type": "function"
  },
  {
    "gas": 1391,
    "inputs": [],
    "name": "decimals",
    "outputs": [
      {
        "name": "",
        "type": "uint256"
      }
    ],
    "stateMutability": "view",
    "type": "function"
  },
  {
    "gas": 1636,
    "inputs": [
      {
        "name": "arg0",
        "type": "address"
      }
    ],
    "name": "balanceOf",
    "outputs": [
      {
        "name": "",
        "type": "uint256"
      }
    ],
    "stateMutability": "view",
    "type": "function"
  },
  {
    "gas": 1451,
    "inputs": [],
    "name": "minter",
    "outputs": [
      {
        "name": "",
        "type": "address"
      }
    ],
    "stateMutability": "view",
    "type": "function"
  }
]
