[
  {
    "anonymous": false,
    "inputs": [
      {
        "indexed": true,
        "name": "_from",
        "type": "address"
      },
      {
        "indexed": true,
        "name": "_to",
        "type": "address"
      },
      {
        "indexed": false,
        "name": "_value",
        "type": "uint256"
      }
    ],
    "name": "Transfer",
    "type": "event"
  },
  {
    "anonymous": false,
    "inputs": [
      {
        "indexed": true,
        "name": "_owner",
        "type": "address"
      },
      {
        "indexed": true,
        "name": "_spender",
        "type": "address"
      },
      {
        "indexed": false,
        "name": "_value",
        "type": "uint256"
      }
    ],
    "name": "Approval",
    "type": "event"
  },
  {
    "constant": false,
    "inputs": [
      {
        "name": "_name",
        "type": "string"
      },
      {
        "name": "_symbol",
        "type": "string"
      },
      {
        "name": "_decimals",
        "type": "uint256"
      },
      {
        "name": "_supply",
        "type": "uint256"
      }
    ],
    "outputs": [],
    "payable": false,
    "type": "constructor"
  },
  {
    "constant": false,
    "gas": 36247,
    "inputs": [
      {
        "name": "_minter",
        "type": "address"
      }
    ],
    "name": "set_minter",
    "outputs": [],
    "payable": false,
    "type": "function"
  },
  {
    "constant": true,
    "gas": 1181,
    "inputs": [],
    "name": "totalSupply",
    "outputs": [
      {
        "name": "out",
        "type": "uint256"
      }
    ],
    "payable": false,
    "type": "function"
  },
  {
    "constant": true,
    "gas": 1519,
    "inputs": [
      {
        "name": "_owner",
        "type": "address"
      },
      {
        "name": "_spender",
        "type": "address"
      }
    ],
    "name": "allowance",
    "outputs": [
      {
        "name": "out",
        "type": "uint256"
      }
    ],
    "payable": false,
    "type": "function"
  },
  {
    "constant": false,
    "gas": 74802,
    "inputs": [
      {
        "name": "_to",
        "type": "address"
      },
      {
        "name": "_value",
        "type": "uint256"
      }
    ],
    "name": "transfer",
    "outputs": [
      {
        "name": "out",
        "type": "bool"
      }
    ],
    "payable": false,
    "type": "function"
  },
  {
    "constant": false,
    "gas": 111953,
    "inputs": [
      {
        "name": "_from",
        "type": "address"
      },
      {
        "name": "_to",
        "type": "address"
      },
      {
        "name": "_value",
        "type": "uint256"
      }
    ],
    "name": "transferFrom",
    "outputs": [
      {
        "name": "out",
        "type": "bool"
      }
    ],
    "payable": false,
    "type": "function"
  },
  {
    "constant": false,
    "gas": 39012,
    "inputs": [
      {
        "name": "_spender",
        "type": "address"
      },
      {
        "name": "_value",
        "type": "uint256"
      }
    ],
    "name": "approve",
    "outputs": [
      {
        "name": "out",
        "type": "bool"
      }
    ],
    "payable": false,
    "type": "function"
  },
  {
    "constant": false,
    "gas": 75733,
    "inputs": [
      {
        "name": "_to",
        "type": "address"
      },
      {
        "name": "_value",
        "type": "uint256"
      }
    ],
    "name": "mint",
    "outputs": [],
    "payable": false,
    "type": "function"
  },
  {
    "constant": false,
    "gas": 76623,
    "inputs": [
      {
        "name": "_value",
        "type": "uint256"
      }
    ],
    "name": "burn",
    "outputs": [],
    "payable": false,
    "type": "function"
  },
  {
    "constant": false,
    "gas": 76696,
    "inputs": [
      {
        "name": "_to",
        "type": "address"
      },
      {
        "name": "_value",
        "type": "uint256"
      }
    ],
    "name": "burnFrom",
    "outputs": [],
    "payable": false,
    "type": "function"
  },
  {
    "constant": true,
    "gas": 7853,
    "inputs": [],
    "name": "name",
    "outputs": [
      {
        "name": "out",
        "type": "string"
      }
    ],
    "payable": false,
    "type": "function"
  },
  {
    "constant": true,
    "gas": 6906,
    "inputs": [],
    "name": "symbol",
    "outputs": [
      {
        "name": "out",
        "type": "string"
      }
    ],
    "payable": false,
    "type": "function"
  },
  {
    "constant": true,
    "gas": 1511,
    "inputs": [],
    "name": "decimals",
    "outputs": [
      {
        "name": "out",
        "type": "uint256"
      }
    ],
    "payable": false,
    "type": "function"
  },
  {
    "constant": true,
    "gas": 1695,
    "inputs": [
      {
        "name": "arg0",
        "type": "address"
      }
    ],
    "name": "balanceOf",
    "outputs": [
      {
        "name": "out",
        "type": "uint256"
      }
    ],
    "payable": false,
    "type": "function"
  }
]
