[
  {
    "anonymous": false,
    "inputs": [
      {
        "indexed": true,
        "name": "buyer",
        "type": "address"
      },
      {
        "indexed": false,
        "name": "sold_id",
        "type": "int128"
      },
      {
        "indexed": false,
        "name": "tokens_sold",
        "type": "uint256"
      },
      {
        "indexed": false,
        "name": "bought_id",
        "type": "int128"
      },
      {
        "indexed": false,
        "name": "tokens_bought",
        "type": "uint256"
      }
    ],
    "name": "TokenExchange",
    "type": "event"
  },
  {
    "anonymous": false,
    "inputs": [
      {
        "indexed": true,
        "name": "buyer",
        "type": "address"
      },
      {
        "indexed": false,
        "name": "sold_id",
        "type": "int128"
      },
      {
        "indexed": false,
        "name": "tokens_sold",
        "type": "uint256"
      },
      {
        "indexed": false,
        "name": "bought_id",
        "type": "int128"
      },
      {
        "indexed": false,
        "name": "tokens_bought",
        "type": "uint256"
      }
    ],
    "name": "TokenExchangeUnderlying",
    "type": "event"
  },
  {
    "anonymous": false,
    "inputs": [
      {
        "indexed": true,
        "name": "provider",
        "type": "address"
      },
      {
        "indexed": false,
        "name": "token_amounts",
        "type": "uint256[2]"
      },
      {
        "indexed": false,
        "name": "fees",
        "type": "uint256[2]"
      },
      {
        "indexed": false,
        "name": "invariant",
        "type": "uint256"
      },
      {
        "indexed": false,
        "name": "token_supply",
        "type": "uint256"
      }
    ],
    "name": "AddLiquidity",
    "type": "event"
  },
  {
    "anonymous": false,
    "inputs": [
      {
        "indexed": true,
        "name": "provider",
        "type": "address"
      },
      {
        "indexed": false,
        "name": "token_amounts",
        "type": "uint256[2]"
      },
      {
        "indexed": false,
        "name": "fees",
        "type": "uint256[2]"
      },
      {
        "indexed": false,
        "name": "token_supply",
        "type": "uint256"
      }
    ],
    "name": "RemoveLiquidity",
    "type": "event"
  },
  {
    "anonymous": false,
    "inputs": [
      {
        "indexed": true,
        "name": "provider",
        "type": "address"
      },
      {
        "indexed": false,
        "name": "token_amounts",
        "type": "uint256[2]"
      },
      {
        "indexed": false,
        "name": "fees",
        "type": "uint256[2]"
      },
      {
        "indexed": false,
        "name": "invariant",
        "type": "uint256"
      },
      {
        "indexed": false,
        "name": "token_supply",
        "type": "uint256"
      }
    ],
    "name": "RemoveLiquidityImbalance",
    "type": "event"
  },
  {
    "anonymous": false,
    "inputs": [
      {
        "indexed": true,
        "name": "deadline",
        "type": "uint256",
        "unit": "sec"
      },
      {
        "indexed": true,
        "name": "admin",
        "type": "address"
      }
    ],
    "name": "CommitNewAdmin",
    "type": "event"
  },
  {
    "anonymous": false,
    "inputs": [
      {
        "indexed": true,
        "name": "admin",
        "type": "address"
      }
    ],
    "name": "NewAdmin",
    "type": "event"
  },
  {
    "anonymous": false,
    "inputs": [
      {
        "indexed": true,
        "name": "deadline",
        "type": "uint256",
        "unit": "sec"
      },
      {
        "indexed": false,
        "name": "A",
        "type": "uint256"
      },
      {
        "indexed": false,
        "name": "fee",
        "type": "uint256"
      },
      {
        "indexed": false,
        "name": "admin_fee",
        "type": "uint256"
      }
    ],
    "name": "CommitNewParameters",
    "type": "event"
  },
  {
    "anonymous": false,
    "inputs": [
      {
        "indexed": false,
        "name": "A",
        "type": "uint256"
      },
      {
        "indexed": false,
        "name": "fee",
        "type": "uint256"
      },
      {
        "indexed": false,
        "name": "admin_fee",
        "type": "uint256"
      }
    ],
    "name": "NewParameters",
    "type": "event"
  },
  {
    "constant": false,
    "inputs": [
      {
        "name": "_coins",
        "type": "address[2]"
      },
      {
        "name": "_underlying_coins",
        "type": "address[2]"
      },
      {
        "name": "_pool_token",
        "type": "address"
      },
      {
        "name": "_A",
        "type": "uint256"
      },
      {
        "name": "_fee",
        "type": "uint256"
      }
    ],
    "outputs": [],
    "payable": false,
    "type": "constructor"
  },
  {
    "constant": true,
    "gas": 1084167,
    "inputs": [],
    "name": "get_virtual_price",
    "outputs": [
      {
        "name": "out",
        "type": "uint256"
      }
    ],
    "payable": false,
    "type": "function"
  },
  {
    "constant": true,
    "gas": 4239939,
    "inputs": [
      {
        "name": "amounts",
        "type": "uint256[2]"
      },
      {
        "name": "deposit",
        "type": "bool"
      }
    ],
    "name": "calc_token_amount",
    "outputs": [
      {
        "name": "out",
        "type": "uint256"
      }
    ],
    "payable": false,
    "type": "function"
  },
  {
    "constant": false,
    "gas": 6479997,
    "inputs": [
      {
        "name": "amounts",
        "type": "uint256[2]"
      },
      {
        "name": "min_mint_amount",
        "type": "uint256"
      }
    ],
    "name": "add_liquidity",
    "outputs": [],
    "payable": false,
    "type": "function"
  },
  {
    "constant": true,
    "gas": 2543681,
    "inputs": [
      {
        "name": "i",
        "type": "int128"
      },
      {
        "name": "j",
        "type": "int128"
      },
      {
        "name": "dx",
        "type": "uint256"
      }
    ],
    "name": "get_dy",
    "outputs": [
      {
        "name": "out",
        "type": "uint256"
      }
    ],
    "payable": false,
    "type": "function"
  },
  {
    "constant": true,
    "gas": 2543687,
    "inputs": [
      {
        "name": "i",
        "type": "int128"
      },
      {
        "name": "j",
        "type": "int128"
      },
      {
        "name": "dy",
        "type": "uint256"
      }
    ],
    "name": "get_dx",
    "outputs": [
      {
        "name": "out",
        "type": "uint256"
      }
    ],
    "payable": false,
    "type": "function"
  },
  {
    "constant": true,
    "gas": 2543506,
    "inputs": [
      {
        "name": "i",
        "type": "int128"
      },
      {
        "name": "j",
        "type": "int128"
      },
      {
        "name": "dx",
        "type": "uint256"
      }
    ],
    "name": "get_dy_underlying",
    "outputs": [
      {
        "name": "out",
        "type": "uint256"
      }
    ],
    "payable": false,
    "type": "function"
  },
  {
    "constant": true,
    "gas": 2543512,
    "inputs": [
      {
        "name": "i",
        "type": "int128"
      },
      {
        "name": "j",
        "type": "int128"
      },
      {
        "name": "dy",
        "type": "uint256"
      }
    ],
    "name": "get_dx_underlying",
    "outputs": [
      {
        "name": "out",
        "type": "uint256"
      }
    ],
    "payable": false,
    "type": "function"
  },
  {
    "constant": false,
    "gas": 5184573,
    "inputs": [
      {
        "name": "i",
        "type": "int128"
      },
      {
        "name": "j",
        "type": "int128"
      },
      {
        "name": "dx",
        "type": "uint256"
      },
      {
        "name": "min_dy",
        "type": "uint256"
      }
    ],
    "name": "exchange",
    "outputs": [],
    "payable": false,
    "type": "function"
  },
  {
    "constant": false,
    "gas": 5200817,
    "inputs": [
      {
        "name": "i",
        "type": "int128"
      },
      {
        "name": "j",
        "type": "int128"
      },
      {
        "name": "dx",
        "type": "uint256"
      },
      {
        "name": "min_dy",
        "type": "uint256"
      }
    ],
    "name": "exchange_underlying",
    "outputs": [],
    "payable": false,
    "type": "function"
  },
  {
    "constant": false,
    "gas": 153898,
    "inputs": [
      {
        "name": "_amount",
        "type": "uint256"
      },
      {
        "name": "min_amounts",
        "type": "uint256[2]"
      }
    ],
    "name": "remove_liquidity",
    "outputs": [],
    "payable": false,
    "type": "function"
  },
  {
    "constant": false,
    "gas": 6479708,
    "inputs": [
      {
        "name": "amounts",
        "type": "uint256[2]"
      },
      {
        "name": "max_burn_amount",
        "type": "uint256"
      }
    ],
    "name": "remove_liquidity_imbalance",
    "outputs": [],
    "payable": false,
    "type": "function"
  },
  {
    "constant": false,
    "gas": 146105,
    "inputs": [
      {
        "name": "amplification",
        "type": "uint256"
      },
      {
        "name": "new_fee",
        "type": "uint256"
      },
      {
        "name": "new_admin_fee",
        "type": "uint256"
      }
    ],
    "name": "commit_new_parameters",
    "outputs": [],
    "payable": false,
    "type": "function"
  },
  {
    "constant": false,
    "gas": 133512,
    "inputs": [],
    "name": "apply_new_parameters",
    "outputs": [],
    "payable": false,
    "type": "function"
  },
  {
    "constant": false,
    "gas": 21835,
    "inputs": [],
    "name": "revert_new_parameters",
    "outputs": [],
    "payable": false,
    "type": "function"
  },
  {
    "constant": false,
    "gas": 74512,
    "inputs": [
      {
        "name": "_owner",
        "type": "address"
      }
    ],
    "name": "commit_transfer_ownership",
    "outputs": [],
    "payable": false,
    "type": "function"
  },
  {
    "constant": false,
    "gas": 60568,
    "inputs": [],
    "name": "apply_transfer_ownership",
    "outputs": [],
    "payable": false,
    "type": "function"
  },
  {
    "constant": false,
    "gas": 21925,
    "inputs": [],
    "name": "revert_transfer_ownership",
    "outputs": [],
    "payable": false,
    "type": "function"
  },
  {
    "constant": false,
    "gas": 12831,
    "inputs": [],
    "name": "withdraw_admin_fees",
    "outputs": [],
    "payable": false,
    "type": "function"
  },
  {
    "constant": false,
    "gas": 37878,
    "inputs": [],
    "name": "kill_me",
    "outputs": [],
    "payable": false,
    "type": "function"
  },
  {
    "constant": false,
    "gas": 22015,
    "inputs": [],
    "name": "unkill_me",
    "outputs": [],
    "payable": false,
    "type": "function"
  },
  {
    "constant": true,
    "gas": 2190,
    "inputs": [
      {
        "name": "arg0",
        "type": "int128"
      }
    ],
    "name": "coins",
    "outputs": [
      {
        "name": "out",
        "type": "address"
      }
    ],
    "payable": false,
    "type": "function"
  },
  {
    "constant": true,
    "gas": 2220,
    "inputs": [
      {
        "name": "arg0",
        "type": "int128"
      }
    ],
    "name": "underlying_coins",
    "outputs": [
      {
        "name": "out",
        "type": "address"
      }
    ],
    "payable": false,
    "type": "function"
  },
  {
    "constant": true,
    "gas": 2250,
    "inputs": [
      {
        "name": "arg0",
        "type": "int128"
      }
    ],
    "name": "balances",
    "outputs": [
      {
        "name": "out",
        "type": "uint256"
      }
    ],
    "payable": false,
    "type": "function"
  },
  {
    "constant": true,
    "gas": 2081,
    "inputs": [],
    "name": "A",
    "outputs": [
      {
        "name": "out",
        "type": "uint256"
      }
    ],
    "payable": false,
    "type": "function"
  },
  {
    "constant": true,
    "gas": 2111,
    "inputs": [],
    "name": "fee",
    "outputs": [
      {
        "name": "out",
        "type": "uint256"
      }
    ],
    "payable": false,
    "type": "function"
  },
  {
    "constant": true,
    "gas": 2141,
    "inputs": [],
    "name": "admin_fee",
    "outputs": [
      {
        "name": "out",
        "type": "uint256"
      }
    ],
    "payable": false,
    "type": "function"
  },
  {
    "constant": true,
    "gas": 2171,
    "inputs": [],
    "name": "owner",
    "outputs": [
      {
        "name": "out",
        "type": "address"
      }
    ],
    "payable": false,
    "type": "function"
  },
  {
    "constant": true,
    "gas": 2201,
    "inputs": [],
    "name": "admin_actions_deadline",
    "outputs": [
      {
        "name": "out",
        "type": "uint256",
        "unit": "sec"
      }
    ],
    "payable": false,
    "type": "function"
  },
  {
    "constant": true,
    "gas": 2231,
    "inputs": [],
    "name": "transfer_ownership_deadline",
    "outputs": [
      {
        "name": "out",
        "type": "uint256",
        "unit": "sec"
      }
    ],
    "payable": false,
    "type": "function"
  },
  {
    "constant": true,
    "gas": 2261,
    "inputs": [],
    "name": "future_A",
    "outputs": [
      {
        "name": "out",
        "type": "uint256"
      }
    ],
    "payable": false,
    "type": "function"
  },
  {
    "constant": true,
    "gas": 2291,
    "inputs": [],
    "name": "future_fee",
    "outputs": [
      {
        "name": "out",
        "type": "uint256"
      }
    ],
    "payable": false,
    "type": "function"
  },
  {
    "constant": true,
    "gas": 2321,
    "inputs": [],
    "name": "future_admin_fee",
    "outputs": [
      {
        "name": "out",
        "type": "uint256"
      }
    ],
    "payable": false,
    "type": "function"
  },
  {
    "constant": true,
    "gas": 2351,
    "inputs": [],
    "name": "future_owner",
    "outputs": [
      {
        "name": "out",
        "type": "address"
      }
    ],
    "payable": false,
    "type": "function"
  }
]
