[
  {
    "anonymous": false,
    "inputs": [
      {
        "indexed": true,
        "internalType": "address",
        "name": "lp",
        "type": "address"
      }
    ],
    "name": "ActivatedLP",
    "type": "event"
  },
  {
    "anonymous": false,
    "inputs": [
      {
        "indexed": true,
        "internalType": "address",
        "name": "lp",
        "type": "address"
      },
      {
        "indexed": false,
        "internalType": "uint256",
        "name": "collateralSent",
        "type": "uint256"
      },
      {
        "indexed": false,
        "internalType": "uint256",
        "name": "collateralDeposited",
        "type": "uint256"
      }
    ],
    "name": "DepositedLiquidity",
    "type": "event"
  },
  {
    "anonymous": false,
    "inputs": [
      {
        "indexed": true,
        "internalType": "address",
        "name": "user",
        "type": "address"
      },
      {
        "indexed": true,
        "internalType": "address",
        "name": "lp",
        "type": "address"
      },
      {
        "indexed": false,
        "internalType": "uint256",
        "name": "synthTokensInLiquidation",
        "type": "uint256"
      },
      {
        "indexed": false,
        "internalType": "uint256",
        "name": "collateralAmount",
        "type": "uint256"
      },
      {
        "indexed": false,
        "internalType": "uint256",
        "name": "bonusAmount",
        "type": "uint256"
      },
      {
        "indexed": false,
        "internalType": "uint256",
        "name": "collateralReceived",
        "type": "uint256"
      }
    ],
    "name": "Liquidated",
    "type": "event"
  },
  {
    "anonymous": false,
    "inputs": [
      {
        "indexed": true,
        "internalType": "address",
        "name": "user",
        "type": "address"
      },
      {
        "components": [
          {
            "internalType": "uint256",
            "name": "totalCollateral",
            "type": "uint256"
          },
          {
            "internalType": "uint256",
            "name": "exchangeAmount",
            "type": "uint256"
          },
          { "internalType": "uint256", "name": "feeAmount", "type": "uint256" },
          { "internalType": "uint256", "name": "numTokens", "type": "uint256" }
        ],
        "indexed": false,
        "internalType": "struct ISynthereumMultiLpLiquidityPoolEvents.MintValues",
        "name": "mintvalues",
        "type": "tuple"
      },
      {
        "indexed": false,
        "internalType": "address",
        "name": "recipient",
        "type": "address"
      }
    ],
    "name": "Minted",
    "type": "event"
  },
  {
    "anonymous": false,
    "inputs": [
      {
        "indexed": false,
        "internalType": "string",
        "name": "lendingModuleId",
        "type": "string"
      }
    ],
    "name": "NewLendingModule",
    "type": "event"
  },
  {
    "anonymous": false,
    "inputs": [
      {
        "indexed": true,
        "internalType": "address",
        "name": "user",
        "type": "address"
      },
      {
        "components": [
          { "internalType": "uint256", "name": "numTokens", "type": "uint256" },
          {
            "internalType": "uint256",
            "name": "exchangeAmount",
            "type": "uint256"
          },
          { "internalType": "uint256", "name": "feeAmount", "type": "uint256" },
          {
            "internalType": "uint256",
            "name": "collateralAmount",
            "type": "uint256"
          }
        ],
        "indexed": false,
        "internalType": "struct ISynthereumMultiLpLiquidityPoolEvents.RedeemValues",
        "name": "redeemvalues",
        "type": "tuple"
      },
      {
        "indexed": false,
        "internalType": "address",
        "name": "recipient",
        "type": "address"
      }
    ],
    "name": "Redeemed",
    "type": "event"
  },
  {
    "anonymous": false,
    "inputs": [
      {
        "indexed": true,
        "internalType": "address",
        "name": "lp",
        "type": "address"
      }
    ],
    "name": "RegisteredLp",
    "type": "event"
  },
  {
    "anonymous": false,
    "inputs": [
      {
        "indexed": true,
        "internalType": "bytes32",
        "name": "role",
        "type": "bytes32"
      },
      {
        "indexed": true,
        "internalType": "bytes32",
        "name": "previousAdminRole",
        "type": "bytes32"
      },
      {
        "indexed": true,
        "internalType": "bytes32",
        "name": "newAdminRole",
        "type": "bytes32"
      }
    ],
    "name": "RoleAdminChanged",
    "type": "event"
  },
  {
    "anonymous": false,
    "inputs": [
      {
        "indexed": true,
        "internalType": "bytes32",
        "name": "role",
        "type": "bytes32"
      },
      {
        "indexed": true,
        "internalType": "address",
        "name": "account",
        "type": "address"
      },
      {
        "indexed": true,
        "internalType": "address",
        "name": "sender",
        "type": "address"
      }
    ],
    "name": "RoleGranted",
    "type": "event"
  },
  {
    "anonymous": false,
    "inputs": [
      {
        "indexed": true,
        "internalType": "bytes32",
        "name": "role",
        "type": "bytes32"
      },
      {
        "indexed": true,
        "internalType": "address",
        "name": "account",
        "type": "address"
      },
      {
        "indexed": true,
        "internalType": "address",
        "name": "sender",
        "type": "address"
      }
    ],
    "name": "RoleRevoked",
    "type": "event"
  },
  {
    "anonymous": false,
    "inputs": [
      {
        "indexed": false,
        "internalType": "uint256",
        "name": "newFee",
        "type": "uint256"
      }
    ],
    "name": "SetFeePercentage",
    "type": "event"
  },
  {
    "anonymous": false,
    "inputs": [
      {
        "indexed": false,
        "internalType": "uint256",
        "name": "newLiquidationReward",
        "type": "uint256"
      }
    ],
    "name": "SetLiquidationReward",
    "type": "event"
  },
  {
    "anonymous": false,
    "inputs": [
      {
        "indexed": true,
        "internalType": "address",
        "name": "lp",
        "type": "address"
      },
      {
        "indexed": false,
        "internalType": "uint256",
        "name": "overCollateralization",
        "type": "uint256"
      }
    ],
    "name": "SetOvercollateralization",
    "type": "event"
  },
  {
    "anonymous": false,
    "inputs": [
      {
        "indexed": true,
        "internalType": "address",
        "name": "lp",
        "type": "address"
      },
      {
        "indexed": false,
        "internalType": "uint256",
        "name": "collateralWithdrawn",
        "type": "uint256"
      },
      {
        "indexed": false,
        "internalType": "uint256",
        "name": "collateralReceived",
        "type": "uint256"
      }
    ],
    "name": "WithdrawnLiquidity",
    "type": "event"
  },
  {
    "inputs": [],
    "name": "DEFAULT_ADMIN_ROLE",
    "outputs": [{ "internalType": "bytes32", "name": "", "type": "bytes32" }],
    "stateMutability": "view",
    "type": "function"
  },
  {
    "inputs": [],
    "name": "MAINTAINER_ROLE",
    "outputs": [{ "internalType": "bytes32", "name": "", "type": "bytes32" }],
    "stateMutability": "view",
    "type": "function"
  },
  {
    "inputs": [
      {
        "internalType": "uint256",
        "name": "_collateralAmount",
        "type": "uint256"
      },
      {
        "internalType": "uint128",
        "name": "_overCollateralization",
        "type": "uint128"
      }
    ],
    "name": "activateLP",
    "outputs": [
      {
        "internalType": "uint256",
        "name": "collateralDeposited",
        "type": "uint256"
      }
    ],
    "stateMutability": "nonpayable",
    "type": "function"
  },
  {
    "inputs": [
      {
        "internalType": "uint256",
        "name": "_collateralAmount",
        "type": "uint256"
      }
    ],
    "name": "addLiquidity",
    "outputs": [
      {
        "internalType": "uint256",
        "name": "collateralDeposited",
        "type": "uint256"
      },
      {
        "internalType": "uint256",
        "name": "newLpCollateralAmount",
        "type": "uint256"
      }
    ],
    "stateMutability": "nonpayable",
    "type": "function"
  },
  {
    "inputs": [],
    "name": "collateralRequirement",
    "outputs": [{ "internalType": "uint256", "name": "", "type": "uint256" }],
    "stateMutability": "view",
    "type": "function"
  },
  {
    "inputs": [],
    "name": "collateralToken",
    "outputs": [
      { "internalType": "contract IERC20", "name": "", "type": "address" }
    ],
    "stateMutability": "view",
    "type": "function"
  },
  {
    "inputs": [],
    "name": "collateralTokenDecimals",
    "outputs": [{ "internalType": "uint8", "name": "", "type": "uint8" }],
    "stateMutability": "view",
    "type": "function"
  },
  {
    "inputs": [],
    "name": "feePercentage",
    "outputs": [{ "internalType": "uint256", "name": "", "type": "uint256" }],
    "stateMutability": "view",
    "type": "function"
  },
  {
    "inputs": [],
    "name": "getActiveLPs",
    "outputs": [
      { "internalType": "address[]", "name": "", "type": "address[]" }
    ],
    "stateMutability": "view",
    "type": "function"
  },
  {
    "inputs": [
      {
        "internalType": "uint256",
        "name": "_collateralAmount",
        "type": "uint256"
      }
    ],
    "name": "getMintTradeInfo",
    "outputs": [
      {
        "internalType": "uint256",
        "name": "synthTokensReceived",
        "type": "uint256"
      },
      { "internalType": "uint256", "name": "feePaid", "type": "uint256" }
    ],
    "stateMutability": "view",
    "type": "function"
  },
  {
    "inputs": [
      {
        "internalType": "uint256",
        "name": "_syntTokensAmount",
        "type": "uint256"
      }
    ],
    "name": "getRedeemTradeInfo",
    "outputs": [
      {
        "internalType": "uint256",
        "name": "collateralAmountReceived",
        "type": "uint256"
      },
      { "internalType": "uint256", "name": "feePaid", "type": "uint256" }
    ],
    "stateMutability": "view",
    "type": "function"
  },
  {
    "inputs": [],
    "name": "getRegisteredLPs",
    "outputs": [
      { "internalType": "address[]", "name": "", "type": "address[]" }
    ],
    "stateMutability": "view",
    "type": "function"
  },
  {
    "inputs": [
      { "internalType": "bytes32", "name": "role", "type": "bytes32" }
    ],
    "name": "getRoleAdmin",
    "outputs": [{ "internalType": "bytes32", "name": "", "type": "bytes32" }],
    "stateMutability": "view",
    "type": "function"
  },
  {
    "inputs": [
      { "internalType": "bytes32", "name": "role", "type": "bytes32" },
      { "internalType": "uint256", "name": "index", "type": "uint256" }
    ],
    "name": "getRoleMember",
    "outputs": [{ "internalType": "address", "name": "", "type": "address" }],
    "stateMutability": "view",
    "type": "function"
  },
  {
    "inputs": [
      { "internalType": "bytes32", "name": "role", "type": "bytes32" }
    ],
    "name": "getRoleMemberCount",
    "outputs": [{ "internalType": "uint256", "name": "", "type": "uint256" }],
    "stateMutability": "view",
    "type": "function"
  },
  {
    "inputs": [
      { "internalType": "bytes32", "name": "role", "type": "bytes32" },
      { "internalType": "address", "name": "account", "type": "address" }
    ],
    "name": "grantRole",
    "outputs": [],
    "stateMutability": "nonpayable",
    "type": "function"
  },
  {
    "inputs": [
      { "internalType": "bytes32", "name": "role", "type": "bytes32" },
      { "internalType": "address", "name": "account", "type": "address" }
    ],
    "name": "hasRole",
    "outputs": [{ "internalType": "bool", "name": "", "type": "bool" }],
    "stateMutability": "view",
    "type": "function"
  },
  {
    "inputs": [
      {
        "components": [
          {
            "internalType": "contract ISynthereumFinder",
            "name": "finder",
            "type": "address"
          },
          { "internalType": "uint8", "name": "version", "type": "uint8" },
          {
            "internalType": "contract IStandardERC20",
            "name": "collateralToken",
            "type": "address"
          },
          {
            "internalType": "contract IMintableBurnableERC20",
            "name": "syntheticToken",
            "type": "address"
          },
          {
            "components": [
              { "internalType": "address", "name": "admin", "type": "address" },
              {
                "internalType": "address",
                "name": "maintainer",
                "type": "address"
              }
            ],
            "internalType": "struct ISynthereumMultiLpLiquidityPool.Roles",
            "name": "roles",
            "type": "tuple"
          },
          { "internalType": "uint64", "name": "fee", "type": "uint64" },
          {
            "internalType": "bytes32",
            "name": "priceIdentifier",
            "type": "bytes32"
          },
          {
            "internalType": "uint128",
            "name": "overCollateralRequirement",
            "type": "uint128"
          },
          {
            "internalType": "uint64",
            "name": "liquidationReward",
            "type": "uint64"
          },
          {
            "internalType": "string",
            "name": "lendingModuleId",
            "type": "string"
          }
        ],
        "internalType": "struct ISynthereumMultiLpLiquidityPool.InitializationParams",
        "name": "_params",
        "type": "tuple"
      }
    ],
    "name": "initialize",
    "outputs": [],
    "stateMutability": "nonpayable",
    "type": "function"
  },
  {
    "inputs": [{ "internalType": "address", "name": "_lp", "type": "address" }],
    "name": "isActiveLP",
    "outputs": [{ "internalType": "bool", "name": "", "type": "bool" }],
    "stateMutability": "view",
    "type": "function"
  },
  {
    "inputs": [{ "internalType": "address", "name": "_lp", "type": "address" }],
    "name": "isRegisteredLP",
    "outputs": [{ "internalType": "bool", "name": "", "type": "bool" }],
    "stateMutability": "view",
    "type": "function"
  },
  {
    "inputs": [
      { "internalType": "address", "name": "forwarder", "type": "address" }
    ],
    "name": "isTrustedForwarder",
    "outputs": [{ "internalType": "bool", "name": "", "type": "bool" }],
    "stateMutability": "view",
    "type": "function"
  },
  {
    "inputs": [],
    "name": "lendingProtocolInfo",
    "outputs": [
      { "internalType": "string", "name": "lendingId", "type": "string" },
      { "internalType": "address", "name": "bearingToken", "type": "address" }
    ],
    "stateMutability": "view",
    "type": "function"
  },
  {
    "inputs": [
      { "internalType": "address", "name": "_lp", "type": "address" },
      {
        "internalType": "uint256",
        "name": "_numSynthTokens",
        "type": "uint256"
      }
    ],
    "name": "liquidate",
    "outputs": [{ "internalType": "uint256", "name": "", "type": "uint256" }],
    "stateMutability": "nonpayable",
    "type": "function"
  },
  {
    "inputs": [],
    "name": "liquidationReward",
    "outputs": [{ "internalType": "uint256", "name": "", "type": "uint256" }],
    "stateMutability": "view",
    "type": "function"
  },
  {
    "inputs": [],
    "name": "maxTokensCapacity",
    "outputs": [
      { "internalType": "uint256", "name": "maxCapacity", "type": "uint256" }
    ],
    "stateMutability": "view",
    "type": "function"
  },
  {
    "inputs": [],
    "name": "migrateStorage",
    "outputs": [
      { "internalType": "uint8", "name": "poolVersion", "type": "uint8" },
      { "internalType": "uint256", "name": "price", "type": "uint256" },
      { "internalType": "bytes", "name": "storageBytes", "type": "bytes" }
    ],
    "stateMutability": "nonpayable",
    "type": "function"
  },
  {
    "inputs": [
      { "internalType": "address", "name": "_recipient", "type": "address" }
    ],
    "name": "migrateTotalFunds",
    "outputs": [
      {
        "internalType": "uint256",
        "name": "migrationAmount",
        "type": "uint256"
      }
    ],
    "stateMutability": "nonpayable",
    "type": "function"
  },
  {
    "inputs": [
      {
        "components": [
          {
            "internalType": "uint256",
            "name": "minNumTokens",
            "type": "uint256"
          },
          {
            "internalType": "uint256",
            "name": "collateralAmount",
            "type": "uint256"
          },
          {
            "internalType": "uint256",
            "name": "expiration",
            "type": "uint256"
          },
          { "internalType": "address", "name": "recipient", "type": "address" }
        ],
        "internalType": "struct ISynthereumMultiLpLiquidityPool.MintParams",
        "name": "_mintParams",
        "type": "tuple"
      }
    ],
    "name": "mint",
    "outputs": [
      { "internalType": "uint256", "name": "", "type": "uint256" },
      { "internalType": "uint256", "name": "", "type": "uint256" }
    ],
    "stateMutability": "nonpayable",
    "type": "function"
  },
  {
    "inputs": [{ "internalType": "address", "name": "_lp", "type": "address" }],
    "name": "positionLPInfo",
    "outputs": [
      {
        "components": [
          {
            "internalType": "uint256",
            "name": "actualCollateralAmount",
            "type": "uint256"
          },
          {
            "internalType": "uint256",
            "name": "tokensCollateralized",
            "type": "uint256"
          },
          {
            "internalType": "uint256",
            "name": "overCollateralization",
            "type": "uint256"
          },
          { "internalType": "uint256", "name": "capacity", "type": "uint256" },
          {
            "internalType": "uint256",
            "name": "utilization",
            "type": "uint256"
          },
          { "internalType": "uint256", "name": "coverage", "type": "uint256" },
          {
            "internalType": "uint256",
            "name": "mintShares",
            "type": "uint256"
          },
          {
            "internalType": "uint256",
            "name": "redeemShares",
            "type": "uint256"
          },
          {
            "internalType": "uint256",
            "name": "interestShares",
            "type": "uint256"
          },
          {
            "internalType": "bool",
            "name": "isOvercollateralized",
            "type": "bool"
          }
        ],
        "internalType": "struct ISynthereumMultiLpLiquidityPool.LPInfo",
        "name": "info",
        "type": "tuple"
      }
    ],
    "stateMutability": "view",
    "type": "function"
  },
  {
    "inputs": [],
    "name": "priceFeedIdentifier",
    "outputs": [{ "internalType": "bytes32", "name": "", "type": "bytes32" }],
    "stateMutability": "view",
    "type": "function"
  },
  {
    "inputs": [
      {
        "components": [
          { "internalType": "uint256", "name": "numTokens", "type": "uint256" },
          {
            "internalType": "uint256",
            "name": "minCollateral",
            "type": "uint256"
          },
          {
            "internalType": "uint256",
            "name": "expiration",
            "type": "uint256"
          },
          { "internalType": "address", "name": "recipient", "type": "address" }
        ],
        "internalType": "struct ISynthereumMultiLpLiquidityPool.RedeemParams",
        "name": "_redeemParams",
        "type": "tuple"
      }
    ],
    "name": "redeem",
    "outputs": [
      { "internalType": "uint256", "name": "", "type": "uint256" },
      { "internalType": "uint256", "name": "", "type": "uint256" }
    ],
    "stateMutability": "nonpayable",
    "type": "function"
  },
  {
    "inputs": [{ "internalType": "address", "name": "_lp", "type": "address" }],
    "name": "registerLP",
    "outputs": [],
    "stateMutability": "nonpayable",
    "type": "function"
  },
  {
    "inputs": [
      {
        "internalType": "uint256",
        "name": "_collateralAmount",
        "type": "uint256"
      }
    ],
    "name": "removeLiquidity",
    "outputs": [
      {
        "internalType": "uint256",
        "name": "collateralRemoved",
        "type": "uint256"
      },
      {
        "internalType": "uint256",
        "name": "collateralReceived",
        "type": "uint256"
      },
      {
        "internalType": "uint256",
        "name": "newLpCollateralAmount",
        "type": "uint256"
      }
    ],
    "stateMutability": "nonpayable",
    "type": "function"
  },
  {
    "inputs": [
      { "internalType": "bytes32", "name": "role", "type": "bytes32" },
      { "internalType": "address", "name": "account", "type": "address" }
    ],
    "name": "renounceRole",
    "outputs": [],
    "stateMutability": "nonpayable",
    "type": "function"
  },
  {
    "inputs": [
      { "internalType": "bytes32", "name": "role", "type": "bytes32" },
      { "internalType": "address", "name": "account", "type": "address" }
    ],
    "name": "revokeRole",
    "outputs": [],
    "stateMutability": "nonpayable",
    "type": "function"
  },
  {
    "inputs": [
      { "internalType": "uint64", "name": "_newFee", "type": "uint64" }
    ],
    "name": "setFee",
    "outputs": [],
    "stateMutability": "nonpayable",
    "type": "function"
  },
  {
    "inputs": [
      {
        "internalType": "uint64",
        "name": "_newLiquidationReward",
        "type": "uint64"
      }
    ],
    "name": "setLiquidationReward",
    "outputs": [],
    "stateMutability": "nonpayable",
    "type": "function"
  },
  {
    "inputs": [
      {
        "internalType": "contract ISynthereumFinder",
        "name": "_finder",
        "type": "address"
      },
      { "internalType": "uint8", "name": "_oldVersion", "type": "uint8" },
      { "internalType": "bytes", "name": "_storageBytes", "type": "bytes" },
      { "internalType": "uint8", "name": "_newVersion", "type": "uint8" },
      { "internalType": "bytes", "name": "_extraInputParams", "type": "bytes" },
      {
        "internalType": "uint256",
        "name": "_sourceCollateralAmount",
        "type": "uint256"
      },
      {
        "internalType": "uint256",
        "name": "_actualCollateralAmount",
        "type": "uint256"
      },
      { "internalType": "uint256", "name": "_price", "type": "uint256" }
    ],
    "name": "setMigratedStorage",
    "outputs": [],
    "stateMutability": "nonpayable",
    "type": "function"
  },
  {
    "inputs": [
      {
        "internalType": "uint128",
        "name": "_overCollateralization",
        "type": "uint128"
      }
    ],
    "name": "setOvercollateralization",
    "outputs": [],
    "stateMutability": "nonpayable",
    "type": "function"
  },
  {
    "inputs": [
      { "internalType": "bytes4", "name": "interfaceId", "type": "bytes4" }
    ],
    "name": "supportsInterface",
    "outputs": [{ "internalType": "bool", "name": "", "type": "bool" }],
    "stateMutability": "view",
    "type": "function"
  },
  {
    "inputs": [
      { "internalType": "string", "name": "_lendingId", "type": "string" },
      { "internalType": "address", "name": "_bearingToken", "type": "address" }
    ],
    "name": "switchLendingModule",
    "outputs": [],
    "stateMutability": "nonpayable",
    "type": "function"
  },
  {
    "inputs": [],
    "name": "synthereumFinder",
    "outputs": [
      {
        "internalType": "contract ISynthereumFinder",
        "name": "",
        "type": "address"
      }
    ],
    "stateMutability": "view",
    "type": "function"
  },
  {
    "inputs": [],
    "name": "syntheticToken",
    "outputs": [
      { "internalType": "contract IERC20", "name": "", "type": "address" }
    ],
    "stateMutability": "view",
    "type": "function"
  },
  {
    "inputs": [],
    "name": "syntheticTokenSymbol",
    "outputs": [{ "internalType": "string", "name": "", "type": "string" }],
    "stateMutability": "view",
    "type": "function"
  },
  {
    "inputs": [],
    "name": "totalCollateralAmount",
    "outputs": [
      {
        "internalType": "uint256",
        "name": "usersCollateral",
        "type": "uint256"
      },
      { "internalType": "uint256", "name": "lpsCollateral", "type": "uint256" },
      {
        "internalType": "uint256",
        "name": "totalCollateral",
        "type": "uint256"
      }
    ],
    "stateMutability": "view",
    "type": "function"
  },
  {
    "inputs": [],
    "name": "totalSyntheticTokens",
    "outputs": [{ "internalType": "uint256", "name": "", "type": "uint256" }],
    "stateMutability": "view",
    "type": "function"
  },
  {
    "inputs": [
      { "internalType": "uint256", "name": "_bearingAmount", "type": "uint256" }
    ],
    "name": "transferToLendingManager",
    "outputs": [
      {
        "internalType": "uint256",
        "name": "bearingAmountOut",
        "type": "uint256"
      }
    ],
    "stateMutability": "nonpayable",
    "type": "function"
  },
  {
    "inputs": [],
    "name": "typology",
    "outputs": [{ "internalType": "string", "name": "", "type": "string" }],
    "stateMutability": "view",
    "type": "function"
  },
  {
    "inputs": [],
    "name": "updatePositions",
    "outputs": [],
    "stateMutability": "nonpayable",
    "type": "function"
  },
  {
    "inputs": [],
    "name": "version",
    "outputs": [{ "internalType": "uint8", "name": "", "type": "uint8" }],
    "stateMutability": "view",
    "type": "function"
  }
]
