[
  {
    "aSymbol": "aETH",
    "aAddress": "0x3a3a65aab0dd2a17e3f1947ba16138cd37d08c04",
    "address": "0xeeeeeeeeeeeeeeeeeeeeeeeeeeeeeeeeeeeeeeee",
    "decimals": 18
  },
  {
    "aSymbol": "aDAI",
    "aAddress": "0xfc1e690f61efd961294b3e1ce3313fbd8aa4f85d",
    "address": "0x6b175474e89094c44da98b954eedeac495271d0f",
    "decimals": 18
  },
  {
    "aSymbol": "aUSDC",
    "aAddress": "0x9ba00d6856a4edf4665bca2c2309936572473b7e",
    "address": "0xa0b86991c6218b36c1d19d4a2e9eb0ce3606eb48",
    "decimals": 6
  },
  {
    "aSymbol": "aSUSD",
    "aAddress": "0x625ae63000f46200499120b906716420bd059240",
    "address": "0x57ab1e02fee23774580c119740129eac7081e9d3",
    "decimals": 18
  },
  {
    "aSymbol": "aTUSD",
    "aAddress": "0x4da9b813057d04baef4e5800e36083717b4a0341",
    "address": "0x8dd5fbce2f6a956c3022ba3663759011dd51e73e",
    "decimals": 18
  },
  {
    "aSymbol": "aUSDT",
    "aAddress": "0x71fc860f7d3a592a4a98740e39db31d25db65ae8",
    "address": "0xdac17f958d2ee523a2206206994597c13d831ec7",
    "decimals": 6
  },
  {
    "aSymbol": "aBUSD",
    "aAddress": "0x6ee0f7bb50a54ab5253da0667b0dc2ee526c30a8",
    "address": "0x4fabb145d64652a948d72533023f6e7a623c7c53",
    "decimals": 18
  },
  {
    "aSymbol": "aBAT",
    "aAddress": "0xe1ba0fb44ccb0d11b80f92f4f8ed94ca3ff51d00",
    "address": "0x0d8775f648430679a709e98d2b0cb6250d2887ef",
    "decimals": 18
  },
  {
    "aSymbol": "aENJ",
    "aAddress": "0x712db54daa836b53ef1ecbb9c6ba3b9efb073f40",
    "address": "0xf629cbd94d3791c9250152bd8dfbdf380e2a3b9c",
    "decimals": 18
  },
  {
    "aSymbol": "aKNC",
    "aAddress": "0x9d91be44c06d373a8a226e1f3b146956083803eb",
    "address": "0xdd974d5c2e2928dea5f71b9825b8b646686bd200",
    "decimals": 18
  },
  {
    "aSymbol": "aAAVE",
    "aAddress": "0xba3d9687cf50fe253cd2e1cfeede1d6787344ed5",
    "address": "0x7fc66500c84a76ad7e9c93437bfc5ac33e2ddae9",
    "decimals": 18
  },
  {
    "aSymbol": "aLINK",
    "aAddress": "0xa64bd6c70cb9051f6a9ba1f163fdc07e0dfb5f84",
    "address": "0x514910771af9ca656af840dff83e8264ecf986ca",
    "decimals": 18
  },
  {
    "aSymbol": "aMANA",
    "aAddress": "0x6fce4a401b6b80ace52baaefe4421bd188e76f6f",
    "address": "0x0f5d2fb29fb7d3cfee444a200298f468908cc942",
    "decimals": 18
  },
  {
    "aSymbol": "aMKR",
    "aAddress": "0x7deb5e830be29f91e298ba5ff1356bb7f8146998",
    "address": "0x9f8f72aa9304c8b593d555f12ef6589cc3a579a2",
    "decimals": 18
  },
  {
    "aSymbol": "aREN",
    "aAddress": "0x69948cc03f478b95283f7dbf1ce764d0fc7ec54c",
    "address": "0x408e41876cccdc0f92210600ef50372656052a38",
    "decimals": 18
  },
  {
    "aSymbol": "aREP",
    "aAddress": "0x71010a9d003445ac60c4e6a7017c1e89a477b438",
    "address": "0xe94327d07fc17907b4db788e5adf2ed424addff6",
    "decimals": 18
  },
  {
    "aSymbol": "aSNX",
    "aAddress": "0x328c4c80bc7aca0834db37e6600a6c49e12da4de",
    "address": "0xc011a73ee8576fb46f5e1c5751ca3b9fe0af2a6f",
    "decimals": 18
  },
  {
    "aSymbol": "aUNI",
    "aAddress": "0xb124541127a0a657f056d9dd06188c4f1b0e5aab",
    "address": "0x1f9840a85d5af5bf1d1762f925bdaddc4201f984",
    "decimals": 18
  },
  {
    "aSymbol": "aWBTC",
    "aAddress": "0xfc4b8ed459e00e5400be803a9bb3954234fd50e3",
    "address": "0x2260fac5e5542a773aa44fbcfedf7c193bc2c599",
    "decimals": 8
  },
  {
    "aSymbol": "aYFI",
    "aAddress": "0x12e51e77daaa58aa0e9247db7510ea4b46f9bead",
    "address": "0x0bc529c00c6401aef6d220be8c6ea1667f6ad93e",
    "decimals": 18
  },
  {
    "aSymbol": "aZRX",
    "aAddress": "0x6fb0855c404e09c47c3fbca25f08d4e41f9f062f",
    "address": "0xe41d2489571d322189246dafa5ebde1f4699f498",
    "decimals": 18
  },
  {
    "aSymbol": "aLEND",
    "aAddress": "0x7d2d3688df45ce7c552e19c27e007673da9204b8",
    "address": "0x80fb784b7ed66730e8b1dbd9820afd29931aab03",
    "decimals": 18
  }
]
