[
  {
    "anonymous": false,
    "inputs": [
      {
        "indexed": true,
        "internalType": "address",
        "name": "owner",
        "type": "address"
      },
      {
        "indexed": true,
        "internalType": "address",
        "name": "spender",
        "type": "address"
      },
      {
        "indexed": false,
        "internalType": "uint256",
        "name": "value",
        "type": "uint256"
      }
    ],
    "name": "Approval",
    "type": "event"
  },
  {
    "anonymous": true,
    "inputs": [
      {
        "indexed": true,
        "internalType": "bytes4",
        "name": "sig",
        "type": "bytes4"
      },
      {
        "indexed": true,
        "internalType": "address",
        "name": "caller",
        "type": "address"
      },
      {
        "indexed": false,
        "internalType": "bytes",
        "name": "data",
        "type": "bytes"
      }
    ],
    "name": "LOG_CALL",
    "type": "event"
  },
  {
    "anonymous": false,
    "inputs": [
      {
        "indexed": true,
        "internalType": "address",
        "name": "caller",
        "type": "address"
      },
      {
        "indexed": true,
        "internalType": "address",
        "name": "tokenOut",
        "type": "address"
      },
      {
        "indexed": false,
        "internalType": "uint256",
        "name": "tokenAmountOut",
        "type": "uint256"
      }
    ],
    "name": "LOG_EXIT",
    "type": "event"
  },
  {
    "anonymous": false,
    "inputs": [
      {
        "indexed": true,
        "internalType": "address",
        "name": "caller",
        "type": "address"
      },
      {
        "indexed": true,
        "internalType": "address",
        "name": "tokenIn",
        "type": "address"
      },
      {
        "indexed": false,
        "internalType": "uint256",
        "name": "tokenAmountIn",
        "type": "uint256"
      }
    ],
    "name": "LOG_JOIN",
    "type": "event"
  },
  {
    "anonymous": false,
    "inputs": [
      {
        "indexed": true,
        "internalType": "address",
        "name": "from",
        "type": "address"
      },
      {
        "indexed": true,
        "internalType": "address",
        "name": "to",
        "type": "address"
      }
    ],
    "name": "LOG_NEW_CONTROLLER",
    "type": "event"
  },
  {
    "anonymous": false,
    "inputs": [
      {
        "indexed": true,
        "internalType": "address",
        "name": "token",
        "type": "address"
      },
      {
        "indexed": false,
        "internalType": "address",
        "name": "oracle",
        "type": "address"
      },
      {
        "indexed": false,
        "internalType": "uint256",
        "name": "price",
        "type": "uint256"
      },
      {
        "indexed": false,
        "internalType": "uint8",
        "name": "decimals",
        "type": "uint8"
      },
      {
        "indexed": false,
        "internalType": "string",
        "name": "description",
        "type": "string"
      }
    ],
    "name": "LOG_NEW_ORACLE_STATE",
    "type": "event"
  },
  {
    "anonymous": false,
    "inputs": [
      {
        "indexed": true,
        "internalType": "address",
        "name": "caller",
        "type": "address"
      },
      {
        "indexed": true,
        "internalType": "address",
        "name": "tokenIn",
        "type": "address"
      },
      {
        "indexed": true,
        "internalType": "address",
        "name": "tokenOut",
        "type": "address"
      },
      {
        "indexed": false,
        "internalType": "uint256",
        "name": "tokenAmountIn",
        "type": "uint256"
      },
      {
        "indexed": false,
        "internalType": "uint256",
        "name": "tokenAmountOut",
        "type": "uint256"
      },
      {
        "indexed": false,
        "internalType": "uint256",
        "name": "spread",
        "type": "uint256"
      },
      {
        "indexed": false,
        "internalType": "uint256",
        "name": "taxBaseIn",
        "type": "uint256"
      },
      {
        "indexed": false,
        "internalType": "uint256",
        "name": "priceIn",
        "type": "uint256"
      },
      {
        "indexed": false,
        "internalType": "uint256",
        "name": "priceOut",
        "type": "uint256"
      }
    ],
    "name": "LOG_SWAP",
    "type": "event"
  },
  {
    "anonymous": false,
    "inputs": [
      {
        "indexed": true,
        "internalType": "address",
        "name": "from",
        "type": "address"
      },
      {
        "indexed": true,
        "internalType": "address",
        "name": "to",
        "type": "address"
      },
      {
        "indexed": false,
        "internalType": "uint256",
        "name": "value",
        "type": "uint256"
      }
    ],
    "name": "Transfer",
    "type": "event"
  },
  {
    "inputs": [
      {
        "internalType": "address",
        "name": "src",
        "type": "address"
      },
      {
        "internalType": "address",
        "name": "dst",
        "type": "address"
      }
    ],
    "name": "allowance",
    "outputs": [
      {
        "internalType": "uint256",
        "name": "",
        "type": "uint256"
      }
    ],
    "stateMutability": "view",
    "type": "function"
  },
  {
    "inputs": [
      {
        "internalType": "address",
        "name": "dst",
        "type": "address"
      },
      {
        "internalType": "uint256",
        "name": "amt",
        "type": "uint256"
      }
    ],
    "name": "approve",
    "outputs": [
      {
        "internalType": "bool",
        "name": "",
        "type": "bool"
      }
    ],
    "stateMutability": "nonpayable",
    "type": "function"
  },
  {
    "inputs": [
      {
        "internalType": "address",
        "name": "whom",
        "type": "address"
      }
    ],
    "name": "balanceOf",
    "outputs": [
      {
        "internalType": "uint256",
        "name": "",
        "type": "uint256"
      }
    ],
    "stateMutability": "view",
    "type": "function"
  },
  {
    "inputs": [],
    "name": "decimals",
    "outputs": [
      {
        "internalType": "uint8",
        "name": "",
        "type": "uint8"
      }
    ],
    "stateMutability": "pure",
    "type": "function"
  },
  {
    "inputs": [
      {
        "internalType": "address",
        "name": "dst",
        "type": "address"
      },
      {
        "internalType": "uint256",
        "name": "amt",
        "type": "uint256"
      }
    ],
    "name": "decreaseApproval",
    "outputs": [
      {
        "internalType": "bool",
        "name": "",
        "type": "bool"
      }
    ],
    "stateMutability": "nonpayable",
    "type": "function"
  },
  {
    "inputs": [
      {
        "internalType": "address",
        "name": "dst",
        "type": "address"
      },
      {
        "internalType": "uint256",
        "name": "amt",
        "type": "uint256"
      }
    ],
    "name": "increaseApproval",
    "outputs": [
      {
        "internalType": "bool",
        "name": "",
        "type": "bool"
      }
    ],
    "stateMutability": "nonpayable",
    "type": "function"
  },
  {
    "inputs": [],
    "name": "name",
    "outputs": [
      {
        "internalType": "string",
        "name": "",
        "type": "string"
      }
    ],
    "stateMutability": "pure",
    "type": "function"
  },
  {
    "inputs": [],
    "name": "symbol",
    "outputs": [
      {
        "internalType": "string",
        "name": "",
        "type": "string"
      }
    ],
    "stateMutability": "pure",
    "type": "function"
  },
  {
    "inputs": [],
    "name": "totalSupply",
    "outputs": [
      {
        "internalType": "uint256",
        "name": "",
        "type": "uint256"
      }
    ],
    "stateMutability": "view",
    "type": "function"
  },
  {
    "inputs": [
      {
        "internalType": "address",
        "name": "dst",
        "type": "address"
      },
      {
        "internalType": "uint256",
        "name": "amt",
        "type": "uint256"
      }
    ],
    "name": "transfer",
    "outputs": [
      {
        "internalType": "bool",
        "name": "",
        "type": "bool"
      }
    ],
    "stateMutability": "nonpayable",
    "type": "function"
  },
  {
    "inputs": [
      {
        "internalType": "address",
        "name": "src",
        "type": "address"
      },
      {
        "internalType": "address",
        "name": "dst",
        "type": "address"
      },
      {
        "internalType": "uint256",
        "name": "amt",
        "type": "uint256"
      }
    ],
    "name": "transferFrom",
    "outputs": [
      {
        "internalType": "bool",
        "name": "",
        "type": "bool"
      }
    ],
    "stateMutability": "nonpayable",
    "type": "function"
  },
  {
    "inputs": [],
    "name": "isPublicSwap",
    "outputs": [
      {
        "internalType": "bool",
        "name": "",
        "type": "bool"
      }
    ],
    "stateMutability": "view",
    "type": "function"
  },
  {
    "inputs": [],
    "name": "isFinalized",
    "outputs": [
      {
        "internalType": "bool",
        "name": "",
        "type": "bool"
      }
    ],
    "stateMutability": "view",
    "type": "function"
  },
  {
    "inputs": [
      {
        "internalType": "address",
        "name": "t",
        "type": "address"
      }
    ],
    "name": "isBound",
    "outputs": [
      {
        "internalType": "bool",
        "name": "",
        "type": "bool"
      }
    ],
    "stateMutability": "view",
    "type": "function"
  },
  {
    "inputs": [],
    "name": "getTokens",
    "outputs": [
      {
        "internalType": "address[]",
        "name": "tokens",
        "type": "address[]"
      }
    ],
    "stateMutability": "view",
    "type": "function"
  },
  {
    "inputs": [
      {
        "internalType": "address",
        "name": "token",
        "type": "address"
      }
    ],
    "name": "getDenormalizedWeight",
    "outputs": [
      {
        "internalType": "uint256",
        "name": "",
        "type": "uint256"
      }
    ],
    "stateMutability": "view",
    "type": "function"
  },
  {
    "inputs": [
      {
        "internalType": "address",
        "name": "token",
        "type": "address"
      }
    ],
    "name": "getBalance",
    "outputs": [
      {
        "internalType": "uint256",
        "name": "",
        "type": "uint256"
      }
    ],
    "stateMutability": "view",
    "type": "function"
  },
  {
    "inputs": [],
    "name": "getSwapFee",
    "outputs": [
      {
        "internalType": "uint256",
        "name": "",
        "type": "uint256"
      }
    ],
    "stateMutability": "view",
    "type": "function"
  },
  {
    "inputs": [],
    "name": "getController",
    "outputs": [
      {
        "internalType": "address",
        "name": "",
        "type": "address"
      }
    ],
    "stateMutability": "view",
    "type": "function"
  },
  {
    "inputs": [
      {
        "internalType": "uint256",
        "name": "swapFee",
        "type": "uint256"
      }
    ],
    "name": "setSwapFee",
    "outputs": [],
    "stateMutability": "nonpayable",
    "type": "function"
  },
  {
    "inputs": [
      {
        "internalType": "address",
        "name": "controller",
        "type": "address"
      }
    ],
    "name": "setControllerAndTransfer",
    "outputs": [],
    "stateMutability": "nonpayable",
    "type": "function"
  },
  {
    "inputs": [
      {
        "internalType": "address",
        "name": "pendingController",
        "type": "address"
      }
    ],
    "name": "transferOwnership",
    "outputs": [],
    "stateMutability": "nonpayable",
    "type": "function"
  },
  {
    "inputs": [],
    "name": "acceptOwnership",
    "outputs": [],
    "stateMutability": "nonpayable",
    "type": "function"
  },
  {
    "inputs": [],
    "name": "revokeFactoryControl",
    "outputs": [],
    "stateMutability": "nonpayable",
    "type": "function"
  },
  {
    "inputs": [],
    "name": "giveFactoryControl",
    "outputs": [],
    "stateMutability": "nonpayable",
    "type": "function"
  },
  {
    "inputs": [
      {
        "internalType": "bool",
        "name": "publicSwap",
        "type": "bool"
      }
    ],
    "name": "setPublicSwap",
    "outputs": [],
    "stateMutability": "nonpayable",
    "type": "function"
  },
  {
    "inputs": [],
    "name": "finalize",
    "outputs": [],
    "stateMutability": "nonpayable",
    "type": "function"
  },
  {
    "inputs": [
      {
        "internalType": "address",
        "name": "token",
        "type": "address"
      }
    ],
    "name": "gulp",
    "outputs": [],
    "stateMutability": "nonpayable",
    "type": "function"
  },
  {
    "inputs": [
      {
        "internalType": "address",
        "name": "tokenIn",
        "type": "address"
      },
      {
        "internalType": "uint256",
        "name": "tokenAmountIn",
        "type": "uint256"
      }
    ],
    "name": "getJoinPool",
    "outputs": [
      {
        "internalType": "uint256",
        "name": "poolAmountOut",
        "type": "uint256"
      },
      {
        "internalType": "uint256[]",
        "name": "tokenAmountsIn",
        "type": "uint256[]"
      }
    ],
    "stateMutability": "view",
    "type": "function"
  },
  {
    "inputs": [
      {
        "internalType": "uint256",
        "name": "poolAmountOut",
        "type": "uint256"
      },
      {
        "internalType": "uint256[]",
        "name": "maxAmountsIn",
        "type": "uint256[]"
      }
    ],
    "name": "joinPool",
    "outputs": [],
    "stateMutability": "nonpayable",
    "type": "function"
  },
  {
    "inputs": [
      {
        "internalType": "uint256",
        "name": "poolAmountIn",
        "type": "uint256"
      }
    ],
    "name": "getExitPool",
    "outputs": [
      {
        "internalType": "uint256[]",
        "name": "tokenAmountsOut",
        "type": "uint256[]"
      }
    ],
    "stateMutability": "view",
    "type": "function"
  },
  {
    "inputs": [
      {
        "internalType": "uint256",
        "name": "poolAmountIn",
        "type": "uint256"
      },
      {
        "internalType": "uint256[]",
        "name": "minAmountsOut",
        "type": "uint256[]"
      }
    ],
    "name": "exitPool",
    "outputs": [],
    "stateMutability": "nonpayable",
    "type": "function"
  },
  {
    "inputs": [
      {
        "internalType": "address",
        "name": "tokenIn",
        "type": "address"
      },
      {
        "internalType": "uint256",
        "name": "tokenAmountIn",
        "type": "uint256"
      }
    ],
    "name": "getJoinswapExternAmountInMMM",
    "outputs": [
      {
        "internalType": "uint256",
        "name": "poolAmountOut",
        "type": "uint256"
      }
    ],
    "stateMutability": "view",
    "type": "function"
  },
  {
    "inputs": [
      {
        "internalType": "address",
        "name": "tokenIn",
        "type": "address"
      },
      {
        "internalType": "uint256",
        "name": "tokenAmountIn",
        "type": "uint256"
      },
      {
        "internalType": "uint256",
        "name": "minPoolAmountOut",
        "type": "uint256"
      }
    ],
    "name": "joinswapExternAmountInMMM",
    "outputs": [
      {
        "internalType": "uint256",
        "name": "poolAmountOut",
        "type": "uint256"
      }
    ],
    "stateMutability": "nonpayable",
    "type": "function"
  },
  {
    "inputs": [
      {
        "internalType": "address",
        "name": "tokenOut",
        "type": "address"
      },
      {
        "internalType": "uint256",
        "name": "poolAmountIn",
        "type": "uint256"
      },
      {
        "internalType": "uint256",
        "name": "minAmountOut",
        "type": "uint256"
      }
    ],
    "name": "exitswapPoolAmountInMMM",
    "outputs": [
      {
        "internalType": "uint256",
        "name": "tokenAmountOut",
        "type": "uint256"
      }
    ],
    "stateMutability": "nonpayable",
    "type": "function"
  },
  {
    "inputs": [
      {
        "internalType": "uint64",
        "name": "dynamicCoverageFeesZ",
        "type": "uint64"
      }
    ],
    "name": "setDynamicCoverageFeesZ",
    "outputs": [],
    "stateMutability": "nonpayable",
    "type": "function"
  },
  {
    "inputs": [
      {
        "internalType": "uint256",
        "name": "dynamicCoverageFeesHorizon",
        "type": "uint256"
      }
    ],
    "name": "setDynamicCoverageFeesHorizon",
    "outputs": [],
    "stateMutability": "nonpayable",
    "type": "function"
  },
  {
    "inputs": [
      {
        "internalType": "uint8",
        "name": "priceStatisticsLookbackInRound",
        "type": "uint8"
      }
    ],
    "name": "setPriceStatisticsLookbackInRound",
    "outputs": [],
    "stateMutability": "nonpayable",
    "type": "function"
  },
  {
    "inputs": [
      {
        "internalType": "uint256",
        "name": "priceStatisticsLookbackInSec",
        "type": "uint256"
      }
    ],
    "name": "setPriceStatisticsLookbackInSec",
    "outputs": [],
    "stateMutability": "nonpayable",
    "type": "function"
  },
  {
    "inputs": [
      {
        "internalType": "uint8",
        "name": "priceStatisticsLookbackStepInRound",
        "type": "uint8"
      }
    ],
    "name": "setPriceStatisticsLookbackStepInRound",
    "outputs": [],
    "stateMutability": "nonpayable",
    "type": "function"
  },
  {
    "inputs": [
      {
        "internalType": "uint256",
        "name": "maxPriceUnpegRatio",
        "type": "uint256"
      }
    ],
    "name": "setMaxPriceUnpegRatio",
    "outputs": [],
    "stateMutability": "nonpayable",
    "type": "function"
  },
  {
    "inputs": [],
    "name": "getCoverageParameters",
    "outputs": [
      {
        "internalType": "uint8",
        "name": "priceStatisticsLBInRound",
        "type": "uint8"
      },
      {
        "internalType": "uint8",
        "name": "priceStatisticsLBStepInRound",
        "type": "uint8"
      },
      {
        "internalType": "uint64",
        "name": "dynamicCoverageFeesZ",
        "type": "uint64"
      },
      {
        "internalType": "uint256",
        "name": "dynamicCoverageFeesHorizon",
        "type": "uint256"
      },
      {
        "internalType": "uint256",
        "name": "priceStatisticsLBInSec",
        "type": "uint256"
      },
      {
        "internalType": "uint256",
        "name": "maxPriceUnpegRatio",
        "type": "uint256"
      }
    ],
    "stateMutability": "view",
    "type": "function"
  },
  {
    "inputs": [
      {
        "internalType": "address",
        "name": "token",
        "type": "address"
      }
    ],
    "name": "getTokenOracleInitialPrice",
    "outputs": [
      {
        "internalType": "uint256",
        "name": "",
        "type": "uint256"
      }
    ],
    "stateMutability": "view",
    "type": "function"
  },
  {
    "inputs": [
      {
        "internalType": "address",
        "name": "token",
        "type": "address"
      }
    ],
    "name": "getTokenPriceOracle",
    "outputs": [
      {
        "internalType": "address",
        "name": "",
        "type": "address"
      }
    ],
    "stateMutability": "view",
    "type": "function"
  },
  {
    "inputs": [
      {
        "internalType": "address",
        "name": "token",
        "type": "address"
      },
      {
        "internalType": "uint256",
        "name": "balance",
        "type": "uint256"
      },
      {
        "internalType": "uint80",
        "name": "denorm",
        "type": "uint80"
      },
      {
        "internalType": "address",
        "name": "priceFeedAddress",
        "type": "address"
      }
    ],
    "name": "bindMMM",
    "outputs": [],
    "stateMutability": "nonpayable",
    "type": "function"
  },
  {
    "inputs": [
      {
        "internalType": "address",
        "name": "token",
        "type": "address"
      },
      {
        "internalType": "uint256",
        "name": "balance",
        "type": "uint256"
      },
      {
        "internalType": "uint80",
        "name": "denorm",
        "type": "uint80"
      },
      {
        "internalType": "address",
        "name": "priceFeedAddress",
        "type": "address"
      }
    ],
    "name": "rebindMMM",
    "outputs": [],
    "stateMutability": "nonpayable",
    "type": "function"
  },
  {
    "inputs": [
      {
        "internalType": "address",
        "name": "token",
        "type": "address"
      }
    ],
    "name": "unbindMMM",
    "outputs": [],
    "stateMutability": "nonpayable",
    "type": "function"
  },
  {
    "inputs": [
      {
        "internalType": "address",
        "name": "tokenIn",
        "type": "address"
      },
      {
        "internalType": "address",
        "name": "tokenOut",
        "type": "address"
      }
    ],
    "name": "getSpotPriceSansFee",
    "outputs": [
      {
        "internalType": "uint256",
        "name": "spotPrice",
        "type": "uint256"
      }
    ],
    "stateMutability": "view",
    "type": "function"
  },
  {
    "inputs": [
      {
        "internalType": "address",
        "name": "tokenIn",
        "type": "address"
      },
      {
        "internalType": "uint256",
        "name": "tokenAmountIn",
        "type": "uint256"
      },
      {
        "internalType": "address",
        "name": "tokenOut",
        "type": "address"
      },
      {
        "internalType": "uint256",
        "name": "minAmountOut",
        "type": "uint256"
      },
      {
        "internalType": "uint256",
        "name": "maxPrice",
        "type": "uint256"
      }
    ],
    "name": "swapExactAmountInMMM",
    "outputs": [
      {
        "internalType": "uint256",
        "name": "tokenAmountOut",
        "type": "uint256"
      },
      {
        "internalType": "uint256",
        "name": "spotPriceAfter",
        "type": "uint256"
      }
    ],
    "stateMutability": "nonpayable",
    "type": "function"
  },
  {
    "inputs": [
      {
        "internalType": "address",
        "name": "tokenIn",
        "type": "address"
      },
      {
        "internalType": "uint256",
        "name": "tokenAmountIn",
        "type": "uint256"
      },
      {
        "internalType": "address",
        "name": "tokenOut",
        "type": "address"
      },
      {
        "internalType": "uint256",
        "name": "minAmountOut",
        "type": "uint256"
      },
      {
        "internalType": "uint256",
        "name": "maxPrice",
        "type": "uint256"
      }
    ],
    "name": "getAmountOutGivenInMMM",
    "outputs": [
      {
        "components": [
          {
            "internalType": "uint256",
            "name": "amount",
            "type": "uint256"
          },
          {
            "internalType": "uint256",
            "name": "spread",
            "type": "uint256"
          },
          {
            "internalType": "uint256",
            "name": "taxBaseIn",
            "type": "uint256"
          }
        ],
        "internalType": "struct Struct.SwapResult",
        "name": "swapResult",
        "type": "tuple"
      },
      {
        "components": [
          {
            "internalType": "uint256",
            "name": "spotPriceBefore",
            "type": "uint256"
          },
          {
            "internalType": "uint256",
            "name": "spotPriceAfter",
            "type": "uint256"
          },
          {
            "internalType": "uint256",
            "name": "priceIn",
            "type": "uint256"
          },
          {
            "internalType": "uint256",
            "name": "priceOut",
            "type": "uint256"
          }
        ],
        "internalType": "struct Struct.PriceResult",
        "name": "priceResult",
        "type": "tuple"
      }
    ],
    "stateMutability": "view",
    "type": "function"
  },
  {
    "inputs": [
      {
        "internalType": "address",
        "name": "tokenIn",
        "type": "address"
      },
      {
        "internalType": "uint256",
        "name": "maxAmountIn",
        "type": "uint256"
      },
      {
        "internalType": "address",
        "name": "tokenOut",
        "type": "address"
      },
      {
        "internalType": "uint256",
        "name": "tokenAmountOut",
        "type": "uint256"
      },
      {
        "internalType": "uint256",
        "name": "maxPrice",
        "type": "uint256"
      }
    ],
    "name": "swapExactAmountOutMMM",
    "outputs": [
      {
        "internalType": "uint256",
        "name": "tokenAmountIn",
        "type": "uint256"
      },
      {
        "internalType": "uint256",
        "name": "spotPriceAfter",
        "type": "uint256"
      }
    ],
    "stateMutability": "nonpayable",
    "type": "function"
  },
  {
    "inputs": [
      {
        "internalType": "address",
        "name": "tokenIn",
        "type": "address"
      },
      {
        "internalType": "uint256",
        "name": "maxAmountIn",
        "type": "uint256"
      },
      {
        "internalType": "address",
        "name": "tokenOut",
        "type": "address"
      },
      {
        "internalType": "uint256",
        "name": "tokenAmountOut",
        "type": "uint256"
      },
      {
        "internalType": "uint256",
        "name": "maxPrice",
        "type": "uint256"
      }
    ],
    "name": "getAmountInGivenOutMMM",
    "outputs": [
      {
        "components": [
          {
            "internalType": "uint256",
            "name": "amount",
            "type": "uint256"
          },
          {
            "internalType": "uint256",
            "name": "spread",
            "type": "uint256"
          },
          {
            "internalType": "uint256",
            "name": "taxBaseIn",
            "type": "uint256"
          }
        ],
        "internalType": "struct Struct.SwapResult",
        "name": "swapResult",
        "type": "tuple"
      },
      {
        "components": [
          {
            "internalType": "uint256",
            "name": "spotPriceBefore",
            "type": "uint256"
          },
          {
            "internalType": "uint256",
            "name": "spotPriceAfter",
            "type": "uint256"
          },
          {
            "internalType": "uint256",
            "name": "priceIn",
            "type": "uint256"
          },
          {
            "internalType": "uint256",
            "name": "priceOut",
            "type": "uint256"
          }
        ],
        "internalType": "struct Struct.PriceResult",
        "name": "priceResult",
        "type": "tuple"
      }
    ],
    "stateMutability": "view",
    "type": "function"
  }
]
