[
  { "inputs": [], "stateMutability": "nonpayable", "type": "constructor" },
  {
    "inputs": [],
    "name": "BASIS_POINTS_DIVISOR",
    "outputs": [{ "internalType": "uint256", "name": "", "type": "uint256" }],
    "stateMutability": "view",
    "type": "function"
  },
  {
    "inputs": [],
    "name": "MAX_ADJUSTMENT_BASIS_POINTS",
    "outputs": [{ "internalType": "uint256", "name": "", "type": "uint256" }],
    "stateMutability": "view",
    "type": "function"
  },
  {
    "inputs": [],
    "name": "MAX_ADJUSTMENT_INTERVAL",
    "outputs": [{ "internalType": "uint256", "name": "", "type": "uint256" }],
    "stateMutability": "view",
    "type": "function"
  },
  {
    "inputs": [],
    "name": "MAX_SPREAD_BASIS_POINTS",
    "outputs": [{ "internalType": "uint256", "name": "", "type": "uint256" }],
    "stateMutability": "view",
    "type": "function"
  },
  {
    "inputs": [],
    "name": "ONE_USD",
    "outputs": [{ "internalType": "uint256", "name": "", "type": "uint256" }],
    "stateMutability": "view",
    "type": "function"
  },
  {
    "inputs": [],
    "name": "PRICE_PRECISION",
    "outputs": [{ "internalType": "uint256", "name": "", "type": "uint256" }],
    "stateMutability": "view",
    "type": "function"
  },
  {
    "inputs": [{ "internalType": "address", "name": "", "type": "address" }],
    "name": "adjustmentBasisPoints",
    "outputs": [{ "internalType": "uint256", "name": "", "type": "uint256" }],
    "stateMutability": "view",
    "type": "function"
  },
  {
    "inputs": [],
    "name": "bnb",
    "outputs": [{ "internalType": "address", "name": "", "type": "address" }],
    "stateMutability": "view",
    "type": "function"
  },
  {
    "inputs": [],
    "name": "bnbBusd",
    "outputs": [{ "internalType": "address", "name": "", "type": "address" }],
    "stateMutability": "view",
    "type": "function"
  },
  {
    "inputs": [],
    "name": "btc",
    "outputs": [{ "internalType": "address", "name": "", "type": "address" }],
    "stateMutability": "view",
    "type": "function"
  },
  {
    "inputs": [],
    "name": "btcBnb",
    "outputs": [{ "internalType": "address", "name": "", "type": "address" }],
    "stateMutability": "view",
    "type": "function"
  },
  {
    "inputs": [],
    "name": "chainlinkFlags",
    "outputs": [{ "internalType": "address", "name": "", "type": "address" }],
    "stateMutability": "view",
    "type": "function"
  },
  {
    "inputs": [],
    "name": "eth",
    "outputs": [{ "internalType": "address", "name": "", "type": "address" }],
    "stateMutability": "view",
    "type": "function"
  },
  {
    "inputs": [],
    "name": "ethBnb",
    "outputs": [{ "internalType": "address", "name": "", "type": "address" }],
    "stateMutability": "view",
    "type": "function"
  },
  {
    "inputs": [],
    "name": "favorPrimaryPrice",
    "outputs": [{ "internalType": "bool", "name": "", "type": "bool" }],
    "stateMutability": "view",
    "type": "function"
  },
  {
    "inputs": [
      { "internalType": "address", "name": "_token", "type": "address" }
    ],
    "name": "getAmmPrice",
    "outputs": [{ "internalType": "uint256", "name": "", "type": "uint256" }],
    "stateMutability": "view",
    "type": "function"
  },
  {
    "inputs": [
      { "internalType": "address", "name": "_token", "type": "address" },
      { "internalType": "bool", "name": "_maximise", "type": "bool" },
      { "internalType": "uint256", "name": "_primaryPrice", "type": "uint256" }
    ],
    "name": "getAmmPriceV2",
    "outputs": [{ "internalType": "uint256", "name": "", "type": "uint256" }],
    "stateMutability": "view",
    "type": "function"
  },
  {
    "inputs": [
      { "internalType": "address", "name": "_token", "type": "address" }
    ],
    "name": "getLatestPrimaryPrice",
    "outputs": [{ "internalType": "uint256", "name": "", "type": "uint256" }],
    "stateMutability": "view",
    "type": "function"
  },
  {
    "inputs": [
      { "internalType": "address", "name": "_pair", "type": "address" },
      { "internalType": "bool", "name": "_divByReserve0", "type": "bool" }
    ],
    "name": "getPairPrice",
    "outputs": [{ "internalType": "uint256", "name": "", "type": "uint256" }],
    "stateMutability": "view",
    "type": "function"
  },
  {
    "inputs": [
      { "internalType": "address", "name": "_token", "type": "address" },
      { "internalType": "bool", "name": "_maximise", "type": "bool" },
      { "internalType": "bool", "name": "_includeAmmPrice", "type": "bool" },
      { "internalType": "bool", "name": "", "type": "bool" }
    ],
    "name": "getPrice",
    "outputs": [{ "internalType": "uint256", "name": "", "type": "uint256" }],
    "stateMutability": "view",
    "type": "function"
  },
  {
    "inputs": [
      { "internalType": "address", "name": "_token", "type": "address" },
      { "internalType": "bool", "name": "_maximise", "type": "bool" },
      { "internalType": "bool", "name": "_includeAmmPrice", "type": "bool" }
    ],
    "name": "getPriceV1",
    "outputs": [{ "internalType": "uint256", "name": "", "type": "uint256" }],
    "stateMutability": "view",
    "type": "function"
  },
  {
    "inputs": [
      { "internalType": "address", "name": "_token", "type": "address" },
      { "internalType": "bool", "name": "_maximise", "type": "bool" },
      { "internalType": "bool", "name": "_includeAmmPrice", "type": "bool" }
    ],
    "name": "getPriceV2",
    "outputs": [{ "internalType": "uint256", "name": "", "type": "uint256" }],
    "stateMutability": "view",
    "type": "function"
  },
  {
    "inputs": [
      { "internalType": "address", "name": "_token", "type": "address" },
      { "internalType": "bool", "name": "_maximise", "type": "bool" }
    ],
    "name": "getPrimaryPrice",
    "outputs": [{ "internalType": "uint256", "name": "", "type": "uint256" }],
    "stateMutability": "view",
    "type": "function"
  },
  {
    "inputs": [
      { "internalType": "address", "name": "_token", "type": "address" },
      {
        "internalType": "uint256",
        "name": "_referencePrice",
        "type": "uint256"
      },
      { "internalType": "bool", "name": "_maximise", "type": "bool" }
    ],
    "name": "getSecondaryPrice",
    "outputs": [{ "internalType": "uint256", "name": "", "type": "uint256" }],
    "stateMutability": "view",
    "type": "function"
  },
  {
    "inputs": [],
    "name": "gov",
    "outputs": [{ "internalType": "address", "name": "", "type": "address" }],
    "stateMutability": "view",
    "type": "function"
  },
  {
    "inputs": [{ "internalType": "address", "name": "", "type": "address" }],
    "name": "isAdjustmentAdditive",
    "outputs": [{ "internalType": "bool", "name": "", "type": "bool" }],
    "stateMutability": "view",
    "type": "function"
  },
  {
    "inputs": [],
    "name": "isAmmEnabled",
    "outputs": [{ "internalType": "bool", "name": "", "type": "bool" }],
    "stateMutability": "view",
    "type": "function"
  },
  {
    "inputs": [],
    "name": "isSecondaryPriceEnabled",
    "outputs": [{ "internalType": "bool", "name": "", "type": "bool" }],
    "stateMutability": "view",
    "type": "function"
  },
  {
    "inputs": [{ "internalType": "address", "name": "", "type": "address" }],
    "name": "lastAdjustmentTimings",
    "outputs": [{ "internalType": "uint256", "name": "", "type": "uint256" }],
    "stateMutability": "view",
    "type": "function"
  },
  {
    "inputs": [],
    "name": "maxStrictPriceDeviation",
    "outputs": [{ "internalType": "uint256", "name": "", "type": "uint256" }],
    "stateMutability": "view",
    "type": "function"
  },
  {
    "inputs": [{ "internalType": "address", "name": "", "type": "address" }],
    "name": "priceDecimals",
    "outputs": [{ "internalType": "uint256", "name": "", "type": "uint256" }],
    "stateMutability": "view",
    "type": "function"
  },
  {
    "inputs": [{ "internalType": "address", "name": "", "type": "address" }],
    "name": "priceFeeds",
    "outputs": [{ "internalType": "address", "name": "", "type": "address" }],
    "stateMutability": "view",
    "type": "function"
  },
  {
    "inputs": [],
    "name": "priceSampleSpace",
    "outputs": [{ "internalType": "uint256", "name": "", "type": "uint256" }],
    "stateMutability": "view",
    "type": "function"
  },
  {
    "inputs": [],
    "name": "secondaryPriceFeed",
    "outputs": [{ "internalType": "address", "name": "", "type": "address" }],
    "stateMutability": "view",
    "type": "function"
  },
  {
    "inputs": [
      { "internalType": "address", "name": "_token", "type": "address" },
      { "internalType": "bool", "name": "_isAdditive", "type": "bool" },
      { "internalType": "uint256", "name": "_adjustmentBps", "type": "uint256" }
    ],
    "name": "setAdjustment",
    "outputs": [],
    "stateMutability": "nonpayable",
    "type": "function"
  },
  {
    "inputs": [
      {
        "internalType": "address",
        "name": "_chainlinkFlags",
        "type": "address"
      }
    ],
    "name": "setChainlinkFlags",
    "outputs": [],
    "stateMutability": "nonpayable",
    "type": "function"
  },
  {
    "inputs": [
      { "internalType": "bool", "name": "_favorPrimaryPrice", "type": "bool" }
    ],
    "name": "setFavorPrimaryPrice",
    "outputs": [],
    "stateMutability": "nonpayable",
    "type": "function"
  },
  {
    "inputs": [
      { "internalType": "address", "name": "_gov", "type": "address" }
    ],
    "name": "setGov",
    "outputs": [],
    "stateMutability": "nonpayable",
    "type": "function"
  },
  {
    "inputs": [
      { "internalType": "bool", "name": "_isEnabled", "type": "bool" }
    ],
    "name": "setIsAmmEnabled",
    "outputs": [],
    "stateMutability": "nonpayable",
    "type": "function"
  },
  {
    "inputs": [
      { "internalType": "bool", "name": "_isEnabled", "type": "bool" }
    ],
    "name": "setIsSecondaryPriceEnabled",
    "outputs": [],
    "stateMutability": "nonpayable",
    "type": "function"
  },
  {
    "inputs": [
      {
        "internalType": "uint256",
        "name": "_maxStrictPriceDeviation",
        "type": "uint256"
      }
    ],
    "name": "setMaxStrictPriceDeviation",
    "outputs": [],
    "stateMutability": "nonpayable",
    "type": "function"
  },
  {
    "inputs": [
      { "internalType": "address", "name": "_bnbBusd", "type": "address" },
      { "internalType": "address", "name": "_ethBnb", "type": "address" },
      { "internalType": "address", "name": "_btcBnb", "type": "address" }
    ],
    "name": "setPairs",
    "outputs": [],
    "stateMutability": "nonpayable",
    "type": "function"
  },
  {
    "inputs": [
      {
        "internalType": "uint256",
        "name": "_priceSampleSpace",
        "type": "uint256"
      }
    ],
    "name": "setPriceSampleSpace",
    "outputs": [],
    "stateMutability": "nonpayable",
    "type": "function"
  },
  {
    "inputs": [
      {
        "internalType": "address",
        "name": "_secondaryPriceFeed",
        "type": "address"
      }
    ],
    "name": "setSecondaryPriceFeed",
    "outputs": [],
    "stateMutability": "nonpayable",
    "type": "function"
  },
  {
    "inputs": [
      { "internalType": "address", "name": "_token", "type": "address" },
      {
        "internalType": "uint256",
        "name": "_spreadBasisPoints",
        "type": "uint256"
      }
    ],
    "name": "setSpreadBasisPoints",
    "outputs": [],
    "stateMutability": "nonpayable",
    "type": "function"
  },
  {
    "inputs": [
      {
        "internalType": "uint256",
        "name": "_spreadThresholdBasisPoints",
        "type": "uint256"
      }
    ],
    "name": "setSpreadThresholdBasisPoints",
    "outputs": [],
    "stateMutability": "nonpayable",
    "type": "function"
  },
  {
    "inputs": [
      { "internalType": "address", "name": "_token", "type": "address" },
      { "internalType": "address", "name": "_priceFeed", "type": "address" },
      {
        "internalType": "uint256",
        "name": "_priceDecimals",
        "type": "uint256"
      },
      { "internalType": "bool", "name": "_isStrictStable", "type": "bool" }
    ],
    "name": "setTokenConfig",
    "outputs": [],
    "stateMutability": "nonpayable",
    "type": "function"
  },
  {
    "inputs": [
      { "internalType": "address", "name": "_btc", "type": "address" },
      { "internalType": "address", "name": "_eth", "type": "address" },
      { "internalType": "address", "name": "_bnb", "type": "address" }
    ],
    "name": "setTokens",
    "outputs": [],
    "stateMutability": "nonpayable",
    "type": "function"
  },
  {
    "inputs": [
      { "internalType": "bool", "name": "_useV2Pricing", "type": "bool" }
    ],
    "name": "setUseV2Pricing",
    "outputs": [],
    "stateMutability": "nonpayable",
    "type": "function"
  },
  {
    "inputs": [{ "internalType": "address", "name": "", "type": "address" }],
    "name": "spreadBasisPoints",
    "outputs": [{ "internalType": "uint256", "name": "", "type": "uint256" }],
    "stateMutability": "view",
    "type": "function"
  },
  {
    "inputs": [],
    "name": "spreadThresholdBasisPoints",
    "outputs": [{ "internalType": "uint256", "name": "", "type": "uint256" }],
    "stateMutability": "view",
    "type": "function"
  },
  {
    "inputs": [{ "internalType": "address", "name": "", "type": "address" }],
    "name": "strictStableTokens",
    "outputs": [{ "internalType": "bool", "name": "", "type": "bool" }],
    "stateMutability": "view",
    "type": "function"
  },
  {
    "inputs": [],
    "name": "useV2Pricing",
    "outputs": [{ "internalType": "bool", "name": "", "type": "bool" }],
    "stateMutability": "view",
    "type": "function"
  }
]
