[
  {
    "name": "AddressSet",
    "type": "event",
    "inputs": [
      {
        "name": "name",
        "type": "string",
        "indexed": true,
        "internalType": "string"
      },
      {
        "name": "actionName",
        "type": "string",
        "indexed": false,
        "internalType": "string"
      },
      {
        "name": "newAddress",
        "type": "address",
        "indexed": false,
        "internalType": "address"
      }
    ],
    "anonymous": false
  },
  {
    "name": "ExpiryUpdated",
    "type": "event",
    "inputs": [
      {
        "name": "nonceAndMeta",
        "type": "uint256",
        "indexed": false,
        "internalType": "uint256"
      },
      {
        "name": "newExpiry",
        "type": "uint256",
        "indexed": false,
        "internalType": "uint256"
      }
    ],
    "anonymous": false
  },
  {
    "name": "Initialized",
    "type": "event",
    "inputs": [
      {
        "name": "version",
        "type": "uint8",
        "indexed": false,
        "internalType": "uint8"
      }
    ],
    "anonymous": false
  },
  {
    "name": "Paused",
    "type": "event",
    "inputs": [
      {
        "name": "account",
        "type": "address",
        "indexed": false,
        "internalType": "address"
      }
    ],
    "anonymous": false
  },
  {
    "name": "RebalancerWithdraw",
    "type": "event",
    "inputs": [
      {
        "name": "asset",
        "type": "address",
        "indexed": false,
        "internalType": "address"
      },
      {
        "name": "amount",
        "type": "uint256",
        "indexed": false,
        "internalType": "uint256"
      }
    ],
    "anonymous": false
  },
  {
    "name": "RoleAdminChanged",
    "type": "event",
    "inputs": [
      {
        "name": "role",
        "type": "bytes32",
        "indexed": true,
        "internalType": "bytes32"
      },
      {
        "name": "previousAdminRole",
        "type": "bytes32",
        "indexed": true,
        "internalType": "bytes32"
      },
      {
        "name": "newAdminRole",
        "type": "bytes32",
        "indexed": true,
        "internalType": "bytes32"
      }
    ],
    "anonymous": false
  },
  {
    "name": "RoleGranted",
    "type": "event",
    "inputs": [
      {
        "name": "role",
        "type": "bytes32",
        "indexed": true,
        "internalType": "bytes32"
      },
      {
        "name": "account",
        "type": "address",
        "indexed": true,
        "internalType": "address"
      },
      {
        "name": "sender",
        "type": "address",
        "indexed": true,
        "internalType": "address"
      }
    ],
    "anonymous": false
  },
  {
    "name": "RoleRevoked",
    "type": "event",
    "inputs": [
      {
        "name": "role",
        "type": "bytes32",
        "indexed": true,
        "internalType": "bytes32"
      },
      {
        "name": "account",
        "type": "address",
        "indexed": true,
        "internalType": "address"
      },
      {
        "name": "sender",
        "type": "address",
        "indexed": true,
        "internalType": "address"
      }
    ],
    "anonymous": false
  },
  {
    "name": "RoleUpdated",
    "type": "event",
    "inputs": [
      {
        "name": "name",
        "type": "string",
        "indexed": true,
        "internalType": "string"
      },
      {
        "name": "actionName",
        "type": "string",
        "indexed": false,
        "internalType": "string"
      },
      {
        "name": "updatedRole",
        "type": "bytes32",
        "indexed": false,
        "internalType": "bytes32"
      },
      {
        "name": "updatedAddress",
        "type": "address",
        "indexed": false,
        "internalType": "address"
      }
    ],
    "anonymous": false
  },
  {
    "name": "SlippageApplied",
    "type": "event",
    "inputs": [
      {
        "name": "nonceAndMeta",
        "type": "uint256",
        "indexed": false,
        "internalType": "uint256"
      },
      {
        "name": "newMakerAmount",
        "type": "uint256",
        "indexed": false,
        "internalType": "uint256"
      }
    ],
    "anonymous": false
  },
  {
    "name": "SlippageToleranceUpdated",
    "type": "event",
    "inputs": [
      {
        "name": "newSlippageTolerance",
        "type": "uint256",
        "indexed": false,
        "internalType": "uint256"
      }
    ],
    "anonymous": false
  },
  {
    "name": "SwapExecuted",
    "type": "event",
    "inputs": [
      {
        "name": "nonceAndMeta",
        "type": "uint256",
        "indexed": false,
        "internalType": "uint256"
      },
      {
        "name": "maker",
        "type": "address",
        "indexed": false,
        "internalType": "address"
      },
      {
        "name": "taker",
        "type": "address",
        "indexed": false,
        "internalType": "address"
      },
      {
        "name": "makerAsset",
        "type": "address",
        "indexed": false,
        "internalType": "address"
      },
      {
        "name": "takerAsset",
        "type": "address",
        "indexed": false,
        "internalType": "address"
      },
      {
        "name": "makerAmountReceived",
        "type": "uint256",
        "indexed": false,
        "internalType": "uint256"
      },
      {
        "name": "takerAmountReceived",
        "type": "uint256",
        "indexed": false,
        "internalType": "uint256"
      }
    ],
    "anonymous": false
  },
  {
    "name": "SwapSignerUpdated",
    "type": "event",
    "inputs": [
      {
        "name": "newSwapSigner",
        "type": "address",
        "indexed": false,
        "internalType": "address"
      }
    ],
    "anonymous": false
  },
  {
    "name": "Unpaused",
    "type": "event",
    "inputs": [
      {
        "name": "account",
        "type": "address",
        "indexed": false,
        "internalType": "address"
      }
    ],
    "anonymous": false
  },
  {
    "name": "DEFAULT_ADMIN_ROLE",
    "type": "function",
    "inputs": [],
    "outputs": [
      {
        "name": "",
        "type": "bytes32",
        "internalType": "bytes32"
      }
    ],
    "stateMutability": "view"
  },
  {
    "name": "REBALANCER_ADMIN_ROLE",
    "type": "function",
    "inputs": [],
    "outputs": [
      {
        "name": "",
        "type": "bytes32",
        "internalType": "bytes32"
      }
    ],
    "stateMutability": "view"
  },
  {
    "name": "VERSION",
    "type": "function",
    "inputs": [],
    "outputs": [
      {
        "name": "",
        "type": "bytes32",
        "internalType": "bytes32"
      }
    ],
    "stateMutability": "view"
  },
  {
    "name": "addAdmin",
    "type": "function",
    "inputs": [
      {
        "name": "_address",
        "type": "address",
        "internalType": "address"
      }
    ],
    "outputs": [],
    "stateMutability": "nonpayable"
  },
  {
    "name": "addRebalancer",
    "type": "function",
    "inputs": [
      {
        "name": "_address",
        "type": "address",
        "internalType": "address"
      }
    ],
    "outputs": [],
    "stateMutability": "nonpayable"
  },
  {
    "name": "batchClaimBalance",
    "type": "function",
    "inputs": [
      {
        "name": "_assets",
        "type": "address[]",
        "internalType": "address[]"
      },
      {
        "name": "_amounts",
        "type": "uint256[]",
        "internalType": "uint256[]"
      }
    ],
    "outputs": [],
    "stateMutability": "nonpayable"
  },
  {
    "name": "claimBalance",
    "type": "function",
    "inputs": [
      {
        "name": "_asset",
        "type": "address",
        "internalType": "address"
      },
      {
        "name": "_amount",
        "type": "uint256",
        "internalType": "uint256"
      }
    ],
    "outputs": [],
    "stateMutability": "nonpayable"
  },
  {
    "name": "getRoleAdmin",
    "type": "function",
    "inputs": [
      {
        "name": "role",
        "type": "bytes32",
        "internalType": "bytes32"
      }
    ],
    "outputs": [
      {
        "name": "",
        "type": "bytes32",
        "internalType": "bytes32"
      }
    ],
    "stateMutability": "view"
  },
  {
    "name": "getRoleMember",
    "type": "function",
    "inputs": [
      {
        "name": "role",
        "type": "bytes32",
        "internalType": "bytes32"
      },
      {
        "name": "index",
        "type": "uint256",
        "internalType": "uint256"
      }
    ],
    "outputs": [
      {
        "name": "",
        "type": "address",
        "internalType": "address"
      }
    ],
    "stateMutability": "view"
  },
  {
    "name": "getRoleMemberCount",
    "type": "function",
    "inputs": [
      {
        "name": "role",
        "type": "bytes32",
        "internalType": "bytes32"
      }
    ],
    "outputs": [
      {
        "name": "",
        "type": "uint256",
        "internalType": "uint256"
      }
    ],
    "stateMutability": "view"
  },
  {
    "name": "grantRole",
    "type": "function",
    "inputs": [
      {
        "name": "role",
        "type": "bytes32",
        "internalType": "bytes32"
      },
      {
        "name": "account",
        "type": "address",
        "internalType": "address"
      }
    ],
    "outputs": [],
    "stateMutability": "nonpayable"
  },
  {
    "name": "hasRole",
    "type": "function",
    "inputs": [
      {
        "name": "role",
        "type": "bytes32",
        "internalType": "bytes32"
      },
      {
        "name": "account",
        "type": "address",
        "internalType": "address"
      }
    ],
    "outputs": [
      {
        "name": "",
        "type": "bool",
        "internalType": "bool"
      }
    ],
    "stateMutability": "view"
  },
  {
    "name": "initialize",
    "type": "function",
    "inputs": [
      {
        "name": "_swapSigner",
        "type": "address",
        "internalType": "address"
      }
    ],
    "outputs": [],
    "stateMutability": "nonpayable"
  },
  {
    "name": "isAdmin",
    "type": "function",
    "inputs": [
      {
        "name": "_address",
        "type": "address",
        "internalType": "address"
      }
    ],
    "outputs": [
      {
        "name": "",
        "type": "bool",
        "internalType": "bool"
      }
    ],
    "stateMutability": "view"
  },
  {
    "name": "isRebalancer",
    "type": "function",
    "inputs": [
      {
        "name": "_address",
        "type": "address",
        "internalType": "address"
      }
    ],
    "outputs": [
      {
        "name": "",
        "type": "bool",
        "internalType": "bool"
      }
    ],
    "stateMutability": "view"
  },
  {
    "name": "isValidSignature",
    "type": "function",
    "inputs": [
      {
        "name": "_hash",
        "type": "bytes32",
        "internalType": "bytes32"
      },
      {
        "name": "_signature",
        "type": "bytes",
        "internalType": "bytes"
      }
    ],
    "outputs": [
      {
        "name": "",
        "type": "bytes4",
        "internalType": "bytes4"
      }
    ],
    "stateMutability": "view"
  },
  {
    "name": "orderExpiryUpdated",
    "type": "function",
    "inputs": [
      {
        "name": "",
        "type": "uint256",
        "internalType": "uint256"
      }
    ],
    "outputs": [
      {
        "name": "",
        "type": "uint256",
        "internalType": "uint256"
      }
    ],
    "stateMutability": "view"
  },
  {
    "name": "orderMakerAmountUpdated",
    "type": "function",
    "inputs": [
      {
        "name": "",
        "type": "uint256",
        "internalType": "uint256"
      }
    ],
    "outputs": [
      {
        "name": "",
        "type": "uint256",
        "internalType": "uint256"
      }
    ],
    "stateMutability": "view"
  },
  {
    "name": "partialSwap",
    "type": "function",
    "inputs": [
      {
        "name": "_order",
        "type": "tuple",
        "components": [
          {
            "name": "nonceAndMeta",
            "type": "uint256",
            "internalType": "uint256"
          },
          {
            "name": "expiry",
            "type": "uint128",
            "internalType": "uint128"
          },
          {
            "name": "makerAsset",
            "type": "address",
            "internalType": "address"
          },
          {
            "name": "takerAsset",
            "type": "address",
            "internalType": "address"
          },
          {
            "name": "maker",
            "type": "address",
            "internalType": "address"
          },
          {
            "name": "taker",
            "type": "address",
            "internalType": "address"
          },
          {
            "name": "makerAmount",
            "type": "uint256",
            "internalType": "uint256"
          },
          {
            "name": "takerAmount",
            "type": "uint256",
            "internalType": "uint256"
          }
        ],
        "internalType": "struct MainnetRFQ.Order"
      },
      {
        "name": "_signature",
        "type": "bytes",
        "internalType": "bytes"
      },
      {
        "name": "_takerAmount",
        "type": "uint256",
        "internalType": "uint256"
      }
    ],
    "outputs": [],
    "stateMutability": "payable"
  },
  {
    "name": "pause",
    "type": "function",
    "inputs": [],
    "outputs": [],
    "stateMutability": "nonpayable"
  },
  {
    "name": "paused",
    "type": "function",
    "inputs": [],
    "outputs": [
      {
        "name": "",
        "type": "bool",
        "internalType": "bool"
      }
    ],
    "stateMutability": "view"
  },
  {
    "name": "removeAdmin",
    "type": "function",
    "inputs": [
      {
        "name": "_address",
        "type": "address",
        "internalType": "address"
      }
    ],
    "outputs": [],
    "stateMutability": "nonpayable"
  },
  {
    "name": "removeRebalancer",
    "type": "function",
    "inputs": [
      {
        "name": "_address",
        "type": "address",
        "internalType": "address"
      }
    ],
    "outputs": [],
    "stateMutability": "nonpayable"
  },
  {
    "name": "renounceRole",
    "type": "function",
    "inputs": [
      {
        "name": "role",
        "type": "bytes32",
        "internalType": "bytes32"
      },
      {
        "name": "account",
        "type": "address",
        "internalType": "address"
      }
    ],
    "outputs": [],
    "stateMutability": "nonpayable"
  },
  {
    "name": "revokeRole",
    "type": "function",
    "inputs": [
      {
        "name": "role",
        "type": "bytes32",
        "internalType": "bytes32"
      },
      {
        "name": "account",
        "type": "address",
        "internalType": "address"
      }
    ],
    "outputs": [],
    "stateMutability": "nonpayable"
  },
  {
    "name": "setSlippageTolerance",
    "type": "function",
    "inputs": [
      {
        "name": "_newSlippageTolerance",
        "type": "uint256",
        "internalType": "uint256"
      }
    ],
    "outputs": [],
    "stateMutability": "nonpayable"
  },
  {
    "name": "setSwapSigner",
    "type": "function",
    "inputs": [
      {
        "name": "_swapSigner",
        "type": "address",
        "internalType": "address"
      }
    ],
    "outputs": [],
    "stateMutability": "nonpayable"
  },
  {
    "name": "simpleSwap",
    "type": "function",
    "inputs": [
      {
        "name": "_order",
        "type": "tuple",
        "components": [
          {
            "name": "nonceAndMeta",
            "type": "uint256",
            "internalType": "uint256"
          },
          {
            "name": "expiry",
            "type": "uint128",
            "internalType": "uint128"
          },
          {
            "name": "makerAsset",
            "type": "address",
            "internalType": "address"
          },
          {
            "name": "takerAsset",
            "type": "address",
            "internalType": "address"
          },
          {
            "name": "maker",
            "type": "address",
            "internalType": "address"
          },
          {
            "name": "taker",
            "type": "address",
            "internalType": "address"
          },
          {
            "name": "makerAmount",
            "type": "uint256",
            "internalType": "uint256"
          },
          {
            "name": "takerAmount",
            "type": "uint256",
            "internalType": "uint256"
          }
        ],
        "internalType": "struct MainnetRFQ.Order"
      },
      {
        "name": "_signature",
        "type": "bytes",
        "internalType": "bytes"
      }
    ],
    "outputs": [],
    "stateMutability": "payable"
  },
  {
    "name": "slippageTolerance",
    "type": "function",
    "inputs": [],
    "outputs": [
      {
        "name": "",
        "type": "uint256",
        "internalType": "uint256"
      }
    ],
    "stateMutability": "view"
  },
  {
    "name": "supportsInterface",
    "type": "function",
    "inputs": [
      {
        "name": "interfaceId",
        "type": "bytes4",
        "internalType": "bytes4"
      }
    ],
    "outputs": [
      {
        "name": "",
        "type": "bool",
        "internalType": "bool"
      }
    ],
    "stateMutability": "view"
  },
  {
    "name": "swapSigner",
    "type": "function",
    "inputs": [],
    "outputs": [
      {
        "name": "",
        "type": "address",
        "internalType": "address"
      }
    ],
    "stateMutability": "view"
  },
  {
    "name": "unpause",
    "type": "function",
    "inputs": [],
    "outputs": [],
    "stateMutability": "nonpayable"
  },
  {
    "name": "updateOrderExpiry",
    "type": "function",
    "inputs": [
      {
        "name": "_nonceAndMeta",
        "type": "uint256",
        "internalType": "uint256"
      },
      {
        "name": "_newExpiry",
        "type": "uint256",
        "internalType": "uint256"
      }
    ],
    "outputs": [],
    "stateMutability": "nonpayable"
  },
  {
    "name": "updateOrderMakerAmount",
    "type": "function",
    "inputs": [
      {
        "name": "_nonceAndMeta",
        "type": "uint256",
        "internalType": "uint256"
      },
      {
        "name": "_newMakerAmount",
        "type": "uint256",
        "internalType": "uint256"
      },
      {
        "name": "_oldMakerAmount",
        "type": "uint256",
        "internalType": "uint256"
      }
    ],
    "outputs": [],
    "stateMutability": "nonpayable"
  },
  {
    "type": "receive",
    "stateMutability": "payable"
  }
]
